date,demand_pressure_index,hotel_occupancy_rate,occupancy_norm,temp_avg,precip_mm,is_rainy,is_hot,is_cold,day_name,week_of_year,month,month_name,season,is_weekend,is_fri_sat,is_holiday,holiday_name
2023-01-01,52.787975440708564,0.49901349554916113,0.04469938601771428,16.1,18.4,1,0,0,Sunday,52,1,January,Winter,1,0,1,Ano Novo
2023-01-02,46.78797544070857,0.49901349554916113,0.04469938601771428,11.6,0.1,0,0,0,Monday,1,1,January,Winter,0,0,0,
2023-01-03,46.78797544070857,0.49901349554916113,0.04469938601771428,10.7,0.0,0,0,0,Tuesday,1,1,January,Winter,0,0,0,
2023-01-04,46.78797544070857,0.49901349554916113,0.04469938601771428,10.7,0.0,0,0,0,Wednesday,1,1,January,Winter,0,0,0,
2023-01-05,46.78797544070857,0.49901349554916113,0.04469938601771428,10.6,0.0,0,0,0,Thursday,1,1,January,Winter,0,0,0,
2023-01-06,52.787975440708564,0.49901349554916113,0.04469938601771428,11.4,0.0,0,0,0,Friday,1,1,January,Winter,0,1,0,
2023-01-07,49.787975440708564,0.49901349554916113,0.04469938601771428,15.4,9.1,1,0,0,Saturday,1,1,January,Winter,1,1,0,
2023-01-08,43.78797544070857,0.49901349554916113,0.04469938601771428,16.2,4.0,1,0,0,Sunday,1,1,January,Winter,1,0,0,
2023-01-09,37.78797544070857,0.49901349554916113,0.04469938601771428,15.3,1.3,1,0,0,Monday,2,1,January,Winter,0,0,0,
2023-01-10,46.78797544070857,0.49901349554916113,0.04469938601771428,14.9,0.8,0,0,0,Tuesday,2,1,January,Winter,0,0,0,
2023-01-11,37.78797544070857,0.49901349554916113,0.04469938601771428,14.2,2.3,1,0,0,Wednesday,2,1,January,Winter,0,0,0,
2023-01-12,46.78797544070857,0.49901349554916113,0.04469938601771428,11.3,0.0,0,0,0,Thursday,2,1,January,Winter,0,0,0,
2023-01-13,52.787975440708564,0.49901349554916113,0.04469938601771428,11.9,0.0,0,0,0,Friday,2,1,January,Winter,0,1,0,
2023-01-14,58.78797544070857,0.49901349554916113,0.04469938601771428,12.4,0.1,0,0,0,Saturday,2,1,January,Winter,1,1,0,
2023-01-15,52.787975440708564,0.49901349554916113,0.04469938601771428,12.1,0.3,0,0,0,Sunday,2,1,January,Winter,1,0,0,
2023-01-16,46.78797544070857,0.49901349554916113,0.04469938601771428,13.9,0.8,0,0,0,Monday,3,1,January,Winter,0,0,0,
2023-01-17,37.78797544070857,0.49901349554916113,0.04469938601771428,13.0,1.8,1,0,0,Tuesday,3,1,January,Winter,0,0,0,
2023-01-18,46.78797544070857,0.49901349554916113,0.04469938601771428,10.7,0.2,0,0,0,Wednesday,3,1,January,Winter,0,0,0,
2023-01-19,46.78797544070857,0.49901349554916113,0.04469938601771428,11.3,0.8,0,0,0,Thursday,3,1,January,Winter,0,0,0,
2023-01-20,52.787975440708564,0.49901349554916113,0.04469938601771428,14.3,0.6,0,0,0,Friday,3,1,January,Winter,0,1,0,
2023-01-21,58.78797544070857,0.49901349554916113,0.04469938601771428,14.1,0.0,0,0,0,Saturday,3,1,January,Winter,1,1,0,
2023-01-22,52.787975440708564,0.49901349554916113,0.04469938601771428,10.2,0.0,0,0,0,Sunday,3,1,January,Winter,1,0,0,
2023-01-23,43.78797544070857,0.49901349554916113,0.04469938601771428,9.1,0.0,0,0,1,Monday,4,1,January,Winter,0,0,0,
2023-01-24,43.78797544070857,0.49901349554916113,0.04469938601771428,8.4,0.0,0,0,1,Tuesday,4,1,January,Winter,0,0,0,
2023-01-25,43.78797544070857,0.49901349554916113,0.04469938601771428,7.8,0.0,0,0,1,Wednesday,4,1,January,Winter,0,0,0,
2023-01-26,43.78797544070857,0.49901349554916113,0.04469938601771428,8.7,0.2,0,0,1,Thursday,4,1,January,Winter,0,0,0,
2023-01-27,49.78797544070858,0.49901349554916113,0.04469938601771428,9.5,0.0,0,0,1,Friday,4,1,January,Winter,0,1,0,
2023-01-28,55.78797544070857,0.49901349554916113,0.04469938601771428,8.8,0.0,0,0,1,Saturday,4,1,January,Winter,1,1,0,
2023-01-29,49.78797544070858,0.49901349554916113,0.04469938601771428,8.0,0.0,0,0,1,Sunday,4,1,January,Winter,1,0,0,
2023-01-30,43.78797544070857,0.49901349554916113,0.04469938601771428,7.9,0.0,0,0,1,Monday,5,1,January,Winter,0,0,0,
2023-01-31,43.78797544070857,0.49901349554916113,0.04469938601771428,8.3,0.0,0,0,1,Tuesday,5,1,January,Winter,0,0,0,
2023-02-01,53.864349272659304,0.6054235137127554,0.29660873181648273,7.9,0.0,0,0,1,Wednesday,5,2,February,Winter,0,0,0,
2023-02-02,53.864349272659304,0.6054235137127554,0.29660873181648273,8.6,0.0,0,0,1,Thursday,5,2,February,Winter,0,0,0,
2023-02-03,59.86434927265931,0.6054235137127554,0.29660873181648273,9.7,0.0,0,0,1,Friday,5,2,February,Winter,0,1,0,
2023-02-04,68.8643492726593,0.6054235137127554,0.29660873181648273,11.1,0.0,0,0,0,Saturday,5,2,February,Winter,1,1,0,
2023-02-05,62.86434927265931,0.6054235137127554,0.29660873181648273,11.5,0.0,0,0,0,Sunday,5,2,February,Winter,1,0,0,
2023-02-06,56.86434927265931,0.6054235137127554,0.29660873181648273,10.9,0.0,0,0,0,Monday,6,2,February,Winter,0,0,0,
2023-02-07,53.864349272659304,0.6054235137127554,0.29660873181648273,9.7,0.0,0,0,1,Tuesday,6,2,February,Winter,0,0,0,
2023-02-08,44.86434927265931,0.6054235137127554,0.29660873181648273,9.1,11.0,1,0,1,Wednesday,6,2,February,Winter,0,0,0,
2023-02-09,56.86434927265931,0.6054235137127554,0.29660873181648273,12.0,0.0,0,0,0,Thursday,6,2,February,Winter,0,0,0,
2023-02-10,62.86434927265931,0.6054235137127554,0.29660873181648273,10.8,0.0,0,0,0,Friday,6,2,February,Winter,0,1,0,
2023-02-11,68.8643492726593,0.6054235137127554,0.29660873181648273,10.4,0.0,0,0,0,Saturday,6,2,February,Winter,1,1,0,
2023-02-12,62.86434927265931,0.6054235137127554,0.29660873181648273,11.5,0.0,0,0,0,Sunday,6,2,February,Winter,1,0,0,
2023-02-13,56.86434927265931,0.6054235137127554,0.29660873181648273,11.7,0.0,0,0,0,Monday,7,2,February,Winter,0,0,0,
2023-02-14,47.86434927265931,0.6054235137127554,0.29660873181648273,12.4,3.8,1,0,0,Tuesday,7,2,February,Winter,0,0,0,
2023-02-15,47.86434927265931,0.6054235137127554,0.29660873181648273,14.0,8.8,1,0,0,Wednesday,7,2,February,Winter,0,0,0,
2023-02-16,56.86434927265931,0.6054235137127554,0.29660873181648273,13.2,0.0,0,0,0,Thursday,7,2,February,Winter,0,0,0,
2023-02-17,62.86434927265931,0.6054235137127554,0.29660873181648273,13.7,0.0,0,0,0,Friday,7,2,February,Winter,0,1,0,
2023-02-18,59.864349272659304,0.6054235137127554,0.29660873181648273,13.8,1.5,1,0,0,Saturday,7,2,February,Winter,1,1,0,
2023-02-19,62.86434927265931,0.6054235137127554,0.29660873181648273,13.8,0.0,0,0,0,Sunday,7,2,February,Winter,1,0,0,
2023-02-20,56.86434927265931,0.6054235137127554,0.29660873181648273,13.5,0.0,0,0,0,Monday,8,2,February,Winter,0,0,0,
2023-02-21,56.86434927265931,0.6054235137127554,0.29660873181648273,12.0,0.4,0,0,0,Tuesday,8,2,February,Winter,0,0,0,
2023-02-22,56.86434927265931,0.6054235137127554,0.29660873181648273,12.0,0.2,0,0,0,Wednesday,8,2,February,Winter,0,0,0,
2023-02-23,56.86434927265931,0.6054235137127554,0.29660873181648273,10.5,0.0,0,0,0,Thursday,8,2,February,Winter,0,0,0,
2023-02-24,50.864349272659304,0.6054235137127554,0.29660873181648273,8.3,4.2,1,0,1,Friday,8,2,February,Winter,0,1,0,
2023-02-25,65.86434927265931,0.6054235137127554,0.29660873181648273,9.6,0.5,0,0,1,Saturday,8,2,February,Winter,1,1,0,
2023-02-26,62.86434927265931,0.6054235137127554,0.29660873181648273,10.7,0.5,0,0,0,Sunday,8,2,February,Winter,1,0,0,
2023-02-27,56.86434927265931,0.6054235137127554,0.29660873181648273,10.3,0.0,0,0,0,Monday,9,2,February,Winter,0,0,0,
2023-02-28,53.864349272659304,0.6054235137127554,0.29660873181648273,9.0,0.0,0,0,1,Tuesday,9,2,February,Winter,0,0,0,
2023-03-01,65.20952919703268,0.7252325662504676,0.5802382299258169,8.4,0.0,0,0,1,Wednesday,9,3,March,Spring,0,0,0,
2023-03-02,65.20952919703268,0.7252325662504676,0.5802382299258169,8.3,0.0,0,0,1,Thursday,9,3,March,Spring,0,0,0,
2023-03-03,71.20952919703268,0.7252325662504676,0.5802382299258169,9.4,0.0,0,0,1,Friday,9,3,March,Spring,0,1,0,
2023-03-04,77.20952919703268,0.7252325662504676,0.5802382299258169,10.0,0.0,0,0,1,Saturday,9,3,March,Spring,1,1,0,
2023-03-05,65.20952919703267,0.7252325662504676,0.5802382299258169,11.8,7.5,1,0,0,Sunday,9,3,March,Spring,1,0,0,
2023-03-06,59.20952919703267,0.7252325662504676,0.5802382299258169,13.5,7.3,1,0,0,Monday,10,3,March,Spring,0,0,0,
2023-03-07,68.20952919703267,0.7252325662504676,0.5802382299258169,14.6,1.0,0,0,0,Tuesday,10,3,March,Spring,0,0,0,
2023-03-08,59.20952919703267,0.7252325662504676,0.5802382299258169,15.4,3.9,1,0,0,Wednesday,10,3,March,Spring,0,0,0,
2023-03-09,59.20952919703267,0.7252325662504676,0.5802382299258169,15.7,14.6,1,0,0,Thursday,10,3,March,Spring,0,0,0,
2023-03-10,74.20952919703268,0.7252325662504676,0.5802382299258169,15.3,0.2,0,0,0,Friday,10,3,March,Spring,0,1,0,
2023-03-11,80.20952919703268,0.7252325662504676,0.5802382299258169,16.3,0.4,0,0,0,Saturday,10,3,March,Spring,1,1,0,
2023-03-12,74.20952919703268,0.7252325662504676,0.5802382299258169,15.1,0.0,0,0,0,Sunday,10,3,March,Spring,1,0,0,
2023-03-13,68.20952919703267,0.7252325662504676,0.5802382299258169,15.0,0.3,0,0,0,Monday,11,3,March,Spring,0,0,0,
2023-03-14,68.20952919703267,0.7252325662504676,0.5802382299258169,13.9,0.0,0,0,0,Tuesday,11,3,March,Spring,0,0,0,
2023-03-15,68.20952919703267,0.7252325662504676,0.5802382299258169,13.7,0.0,0,0,0,Wednesday,11,3,March,Spring,0,0,0,
2023-03-16,68.20952919703267,0.7252325662504676,0.5802382299258169,13.9,0.5,0,0,0,Thursday,11,3,March,Spring,0,0,0,
2023-03-17,74.20952919703268,0.7252325662504676,0.5802382299258169,14.6,0.5,0,0,0,Friday,11,3,March,Spring,0,1,0,
2023-03-18,80.20952919703268,0.7252325662504676,0.5802382299258169,13.8,0.2,0,0,0,Saturday,11,3,March,Spring,1,1,0,
2023-03-19,74.20952919703268,0.7252325662504676,0.5802382299258169,14.0,0.0,0,0,0,Sunday,11,3,March,Spring,1,0,0,
2023-03-20,68.20952919703267,0.7252325662504676,0.5802382299258169,14.6,0.0,0,0,0,Monday,12,3,March,Spring,0,0,0,
2023-03-21,68.20952919703267,0.7252325662504676,0.5802382299258169,14.6,0.0,0,0,0,Tuesday,12,3,March,Spring,0,0,0,
2023-03-22,68.20952919703267,0.7252325662504676,0.5802382299258169,13.2,0.0,0,0,0,Wednesday,12,3,March,Spring,0,0,0,
2023-03-23,68.20952919703267,0.7252325662504676,0.5802382299258169,14.1,0.0,0,0,0,Thursday,12,3,March,Spring,0,0,0,
2023-03-24,74.20952919703268,0.7252325662504676,0.5802382299258169,15.9,1.0,0,0,0,Friday,12,3,March,Spring,0,1,0,
2023-03-25,80.20952919703268,0.7252325662504676,0.5802382299258169,14.3,0.0,0,0,0,Saturday,12,3,March,Spring,1,1,0,
2023-03-26,74.20952919703268,0.7252325662504676,0.5802382299258169,15.4,0.0,0,0,0,Sunday,12,3,March,Spring,1,0,0,
2023-03-27,68.20952919703267,0.7252325662504676,0.5802382299258169,15.4,0.0,0,0,0,Monday,13,3,March,Spring,0,0,0,
2023-03-28,68.20952919703267,0.7252325662504676,0.5802382299258169,16.4,0.0,0,0,0,Tuesday,13,3,March,Spring,0,0,0,
2023-03-29,68.20952919703267,0.7252325662504676,0.5802382299258169,16.0,0.0,0,0,0,Wednesday,13,3,March,Spring,0,0,0,
2023-03-30,68.20952919703267,0.7252325662504676,0.5802382299258169,16.0,0.0,0,0,0,Thursday,13,3,March,Spring,0,0,0,
2023-03-31,74.20952919703268,0.7252325662504676,0.5802382299258169,16.6,0.2,0,0,0,Friday,13,3,March,Spring,0,1,0,
2023-04-01,87.57461812103548,0.8030104712041884,0.764365453025887,15.6,0.7,0,0,0,Saturday,13,4,April,Spring,1,1,0,
2023-04-02,81.57461812103548,0.8030104712041884,0.764365453025887,15.9,0.0,0,0,0,Sunday,13,4,April,Spring,1,0,0,
2023-04-03,75.57461812103547,0.8030104712041884,0.764365453025887,15.6,0.0,0,0,0,Monday,14,4,April,Spring,0,0,0,
2023-04-04,66.57461812103548,0.8030104712041884,0.764365453025887,17.5,1.9,1,0,0,Tuesday,14,4,April,Spring,0,0,0,
2023-04-05,75.57461812103547,0.8030104712041884,0.764365453025887,18.4,0.0,0,0,0,Wednesday,14,4,April,Spring,0,0,0,
2023-04-06,75.57461812103547,0.8030104712041884,0.764365453025887,18.6,0.0,0,0,0,Thursday,14,4,April,Spring,0,0,0,
2023-04-07,90.57461812103548,0.8030104712041884,0.764365453025887,17.3,0.0,0,0,0,Friday,14,4,April,Spring,0,1,1,Sexta-feira Santa
2023-04-08,87.57461812103548,0.8030104712041884,0.764365453025887,16.8,0.0,0,0,0,Saturday,14,4,April,Spring,1,1,0,
2023-04-09,90.57461812103548,0.8030104712041884,0.764365453025887,17.4,0.0,0,0,0,Sunday,14,4,April,Spring,1,0,1,Páscoa
2023-04-10,75.57461812103547,0.8030104712041884,0.764365453025887,15.9,0.0,0,0,0,Monday,15,4,April,Spring,0,0,0,
2023-04-11,75.57461812103547,0.8030104712041884,0.764365453025887,16.5,0.0,0,0,0,Tuesday,15,4,April,Spring,0,0,0,
2023-04-12,75.57461812103547,0.8030104712041884,0.764365453025887,15.5,0.4,0,0,0,Wednesday,15,4,April,Spring,0,0,0,
2023-04-13,75.57461812103547,0.8030104712041884,0.764365453025887,14.1,0.0,0,0,0,Thursday,15,4,April,Spring,0,0,0,
2023-04-14,81.57461812103548,0.8030104712041884,0.764365453025887,15.1,0.0,0,0,0,Friday,15,4,April,Spring,0,1,0,
2023-04-15,87.57461812103548,0.8030104712041884,0.764365453025887,18.0,0.0,0,0,0,Saturday,15,4,April,Spring,1,1,0,
2023-04-16,81.57461812103548,0.8030104712041884,0.764365453025887,20.6,0.0,0,0,0,Sunday,15,4,April,Spring,1,0,0,
2023-04-17,75.57461812103547,0.8030104712041884,0.764365453025887,22.7,0.0,0,0,0,Monday,16,4,April,Spring,0,0,0,
2023-04-18,75.57461812103547,0.8030104712041884,0.764365453025887,20.9,0.0,0,0,0,Tuesday,16,4,April,Spring,0,0,0,
2023-04-19,75.57461812103547,0.8030104712041884,0.764365453025887,18.5,0.0,0,0,0,Wednesday,16,4,April,Spring,0,0,0,
2023-04-20,75.57461812103547,0.8030104712041884,0.764365453025887,15.8,0.0,0,0,0,Thursday,16,4,April,Spring,0,0,0,
2023-04-21,72.57461812103547,0.8030104712041884,0.764365453025887,14.4,13.4,1,0,0,Friday,16,4,April,Spring,0,1,0,
2023-04-22,87.57461812103548,0.8030104712041884,0.764365453025887,15.4,0.3,0,0,0,Saturday,16,4,April,Spring,1,1,0,
2023-04-23,81.57461812103548,0.8030104712041884,0.764365453025887,16.3,0.1,0,0,0,Sunday,16,4,April,Spring,1,0,0,
2023-04-24,75.57461812103547,0.8030104712041884,0.764365453025887,18.5,0.0,0,0,0,Monday,17,4,April,Spring,0,0,0,
2023-04-25,84.57461812103548,0.8030104712041884,0.764365453025887,18.4,0.0,0,0,0,Tuesday,17,4,April,Spring,0,0,1,Dia da Liberdade
2023-04-26,75.57461812103547,0.8030104712041884,0.764365453025887,19.9,0.0,0,0,0,Wednesday,17,4,April,Spring,0,0,0,
2023-04-27,75.57461812103547,0.8030104712041884,0.764365453025887,22.6,0.0,0,0,0,Thursday,17,4,April,Spring,0,0,0,
2023-04-28,81.57461812103548,0.8030104712041884,0.764365453025887,20.7,0.5,0,0,0,Friday,17,4,April,Spring,0,1,0,
2023-04-29,87.57461812103548,0.8030104712041884,0.764365453025887,19.0,0.5,0,0,0,Saturday,17,4,April,Spring,1,1,0,
2023-04-30,81.57461812103548,0.8030104712041884,0.764365453025887,19.0,0.0,0,0,0,Sunday,17,4,April,Spring,1,0,0,
2023-05-01,91.08159670407328,0.871726432001082,0.927039917601832,20.8,0.0,0,0,0,Monday,18,5,May,Spring,0,0,1,Dia do Trabalhador
2023-05-02,82.08159670407329,0.871726432001082,0.927039917601832,21.0,0.0,0,0,0,Tuesday,18,5,May,Spring,0,0,0,
2023-05-03,82.08159670407329,0.871726432001082,0.927039917601832,19.2,0.3,0,0,0,Wednesday,18,5,May,Spring,0,0,0,
2023-05-04,73.08159670407328,0.871726432001082,0.927039917601832,18.1,1.2,1,0,0,Thursday,18,5,May,Spring,0,0,0,
2023-05-05,88.08159670407328,0.871726432001082,0.927039917601832,17.8,0.0,0,0,0,Friday,18,5,May,Spring,0,1,0,
2023-05-06,94.08159670407328,0.871726432001082,0.927039917601832,18.8,0.6,0,0,0,Saturday,18,5,May,Spring,1,1,0,
2023-05-07,88.08159670407328,0.871726432001082,0.927039917601832,19.0,0.0,0,0,0,Sunday,18,5,May,Spring,1,0,0,
2023-05-08,82.08159670407329,0.871726432001082,0.927039917601832,19.7,0.0,0,0,0,Monday,19,5,May,Spring,0,0,0,
2023-05-09,82.08159670407329,0.871726432001082,0.927039917601832,19.6,0.2,0,0,0,Tuesday,19,5,May,Spring,0,0,0,
2023-05-10,82.08159670407329,0.871726432001082,0.927039917601832,17.6,0.0,0,0,0,Wednesday,19,5,May,Spring,0,0,0,
2023-05-11,82.08159670407329,0.871726432001082,0.927039917601832,18.0,0.0,0,0,0,Thursday,19,5,May,Spring,0,0,0,
2023-05-12,88.08159670407328,0.871726432001082,0.927039917601832,17.1,0.0,0,0,0,Friday,19,5,May,Spring,0,1,0,
2023-05-13,94.08159670407328,0.871726432001082,0.927039917601832,18.0,0.0,0,0,0,Saturday,19,5,May,Spring,1,1,0,
2023-05-14,88.08159670407328,0.871726432001082,0.927039917601832,18.3,0.0,0,0,0,Sunday,19,5,May,Spring,1,0,0,
2023-05-15,82.08159670407329,0.871726432001082,0.927039917601832,17.7,0.0,0,0,0,Monday,20,5,May,Spring,0,0,0,
2023-05-16,82.08159670407329,0.871726432001082,0.927039917601832,19.5,0.0,0,0,0,Tuesday,20,5,May,Spring,0,0,0,
2023-05-17,82.08159670407329,0.871726432001082,0.927039917601832,21.8,0.0,0,0,0,Wednesday,20,5,May,Spring,0,0,0,
2023-05-18,82.08159670407329,0.871726432001082,0.927039917601832,20.4,0.0,0,0,0,Thursday,20,5,May,Spring,0,0,0,
2023-05-19,88.08159670407328,0.871726432001082,0.927039917601832,19.9,0.0,0,0,0,Friday,20,5,May,Spring,0,1,0,
2023-05-20,94.08159670407328,0.871726432001082,0.927039917601832,19.6,0.0,0,0,0,Saturday,20,5,May,Spring,1,1,0,
2023-05-21,88.08159670407328,0.871726432001082,0.927039917601832,18.6,0.5,0,0,0,Sunday,20,5,May,Spring,1,0,0,
2023-05-22,82.08159670407329,0.871726432001082,0.927039917601832,18.9,0.8,0,0,0,Monday,21,5,May,Spring,0,0,0,
2023-05-23,73.08159670407328,0.871726432001082,0.927039917601832,19.5,1.3,1,0,0,Tuesday,21,5,May,Spring,0,0,0,
2023-05-24,82.08159670407329,0.871726432001082,0.927039917601832,20.7,0.0,0,0,0,Wednesday,21,5,May,Spring,0,0,0,
2023-05-25,82.08159670407329,0.871726432001082,0.927039917601832,21.3,0.1,0,0,0,Thursday,21,5,May,Spring,0,0,0,
2023-05-26,88.08159670407328,0.871726432001082,0.927039917601832,18.0,0.3,0,0,0,Friday,21,5,May,Spring,0,1,0,
2023-05-27,94.08159670407328,0.871726432001082,0.927039917601832,18.8,0.9,0,0,0,Saturday,21,5,May,Spring,1,1,0,
2023-05-28,88.08159670407328,0.871726432001082,0.927039917601832,18.3,0.1,0,0,0,Sunday,21,5,May,Spring,1,0,0,
2023-05-29,73.08159670407328,0.871726432001082,0.927039917601832,17.5,1.4,1,0,0,Monday,22,5,May,Spring,0,0,0,
2023-05-30,82.08159670407329,0.871726432001082,0.927039917601832,18.3,0.0,0,0,0,Tuesday,22,5,May,Spring,0,0,0,
2023-05-31,82.08159670407329,0.871726432001082,0.927039917601832,18.5,0.6,0,0,0,Wednesday,22,5,May,Spring,0,0,0,
2023-06-01,77.23576132862576,0.8205527222004272,0.8058940332156437,20.0,0.6,0,0,0,Thursday,22,6,June,Summer,0,0,0,
2023-06-02,83.23576132862576,0.8205527222004272,0.8058940332156437,20.0,0.0,0,0,0,Friday,22,6,June,Summer,0,1,0,
2023-06-03,80.23576132862574,0.8205527222004272,0.8058940332156437,20.4,1.6,1,0,0,Saturday,22,6,June,Summer,1,1,0,
2023-06-04,83.23576132862576,0.8205527222004272,0.8058940332156437,20.9,0.0,0,0,0,Sunday,22,6,June,Summer,1,0,0,
2023-06-05,77.23576132862576,0.8205527222004272,0.8058940332156437,21.9,0.0,0,0,0,Monday,23,6,June,Summer,0,0,0,
2023-06-06,77.23576132862576,0.8205527222004272,0.8058940332156437,22.0,0.0,0,0,0,Tuesday,23,6,June,Summer,0,0,0,
2023-06-07,68.23576132862574,0.8205527222004272,0.8058940332156437,21.1,1.2,1,0,0,Wednesday,23,6,June,Summer,0,0,0,
2023-06-08,77.23576132862576,0.8205527222004272,0.8058940332156437,19.6,11.8,1,0,0,Thursday,23,6,June,Summer,0,0,1,Corpo de Deus
2023-06-09,74.23576132862576,0.8205527222004272,0.8058940332156437,19.8,1.6,1,0,0,Friday,23,6,June,Summer,0,1,0,
2023-06-10,92.23576132862574,0.8205527222004272,0.8058940332156437,19.7,0.2,0,0,0,Saturday,23,6,June,Summer,1,1,1,"Dia de Portugal, de Camões e das Comunidades Portuguesas"
2023-06-11,83.23576132862576,0.8205527222004272,0.8058940332156437,19.6,0.6,0,0,0,Sunday,23,6,June,Summer,1,0,0,
2023-06-12,77.23576132862576,0.8205527222004272,0.8058940332156437,20.1,0.4,0,0,0,Monday,24,6,June,Summer,0,0,0,
2023-06-13,77.23576132862576,0.8205527222004272,0.8058940332156437,19.8,0.3,0,0,0,Tuesday,24,6,June,Summer,0,0,0,
2023-06-14,77.23576132862576,0.8205527222004272,0.8058940332156437,20.6,0.0,0,0,0,Wednesday,24,6,June,Summer,0,0,0,
2023-06-15,77.23576132862576,0.8205527222004272,0.8058940332156437,23.8,0.0,0,0,0,Thursday,24,6,June,Summer,0,0,0,
2023-06-16,83.23576132862576,0.8205527222004272,0.8058940332156437,24.5,0.0,0,0,0,Friday,24,6,June,Summer,0,1,0,
2023-06-17,89.23576132862574,0.8205527222004272,0.8058940332156437,21.9,0.0,0,0,0,Saturday,24,6,June,Summer,1,1,0,
2023-06-18,83.23576132862576,0.8205527222004272,0.8058940332156437,21.2,0.1,0,0,0,Sunday,24,6,June,Summer,1,0,0,
2023-06-19,77.23576132862576,0.8205527222004272,0.8058940332156437,20.3,0.9,0,0,0,Monday,25,6,June,Summer,0,0,0,
2023-06-20,77.23576132862576,0.8205527222004272,0.8058940332156437,20.4,0.8,0,0,0,Tuesday,25,6,June,Summer,0,0,0,
2023-06-21,68.23576132862574,0.8205527222004272,0.8058940332156437,20.0,6.2,1,0,0,Wednesday,25,6,June,Summer,0,0,0,
2023-06-22,77.23576132862576,0.8205527222004272,0.8058940332156437,21.7,0.0,0,0,0,Thursday,25,6,June,Summer,0,0,0,
2023-06-23,77.23576132862576,0.8205527222004272,0.8058940332156437,26.1,0.0,0,1,0,Friday,25,6,June,Summer,0,1,0,
2023-06-24,83.23576132862574,0.8205527222004272,0.8058940332156437,27.2,0.0,0,1,0,Saturday,25,6,June,Summer,1,1,0,
2023-06-25,77.23576132862576,0.8205527222004272,0.8058940332156437,25.2,0.0,0,1,0,Sunday,25,6,June,Summer,1,0,0,
2023-06-26,77.23576132862576,0.8205527222004272,0.8058940332156437,24.6,0.0,0,0,0,Monday,26,6,June,Summer,0,0,0,
2023-06-27,77.23576132862576,0.8205527222004272,0.8058940332156437,24.0,0.0,0,0,0,Tuesday,26,6,June,Summer,0,0,0,
2023-06-28,77.23576132862576,0.8205527222004272,0.8058940332156437,23.9,0.0,0,0,0,Wednesday,26,6,June,Summer,0,0,0,
2023-06-29,77.23576132862576,0.8205527222004272,0.8058940332156437,21.6,0.0,0,0,0,Thursday,26,6,June,Summer,0,0,0,
2023-06-30,83.23576132862576,0.8205527222004272,0.8058940332156437,22.7,0.0,0,0,0,Friday,26,6,June,Summer,0,1,0,
2023-07-01,85.31232858581248,0.7791199055553568,0.707808214645312,23.7,0.0,0,0,0,Saturday,26,7,July,Summer,1,1,0,
2023-07-02,73.31232858581248,0.7791199055553568,0.707808214645312,25.0,0.0,0,1,0,Sunday,26,7,July,Summer,1,0,0,
2023-07-03,73.31232858581247,0.7791199055553568,0.707808214645312,22.6,0.0,0,0,0,Monday,27,7,July,Summer,0,0,0,
2023-07-04,73.31232858581247,0.7791199055553568,0.707808214645312,21.6,0.0,0,0,0,Tuesday,27,7,July,Summer,0,0,0,
2023-07-05,73.31232858581247,0.7791199055553568,0.707808214645312,21.6,0.0,0,0,0,Wednesday,27,7,July,Summer,0,0,0,
2023-07-06,73.31232858581247,0.7791199055553568,0.707808214645312,21.5,0.0,0,0,0,Thursday,27,7,July,Summer,0,0,0,
2023-07-07,79.31232858581248,0.7791199055553568,0.707808214645312,20.9,0.0,0,0,0,Friday,27,7,July,Summer,0,1,0,
2023-07-08,85.31232858581248,0.7791199055553568,0.707808214645312,21.3,0.3,0,0,0,Saturday,27,7,July,Summer,1,1,0,
2023-07-09,79.31232858581248,0.7791199055553568,0.707808214645312,21.6,0.0,0,0,0,Sunday,27,7,July,Summer,1,0,0,
2023-07-10,73.31232858581247,0.7791199055553568,0.707808214645312,23.3,0.0,0,0,0,Monday,28,7,July,Summer,0,0,0,
2023-07-11,73.31232858581247,0.7791199055553568,0.707808214645312,22.4,0.0,0,0,0,Tuesday,28,7,July,Summer,0,0,0,
2023-07-12,73.31232858581247,0.7791199055553568,0.707808214645312,22.8,0.0,0,0,0,Wednesday,28,7,July,Summer,0,0,0,
2023-07-13,73.31232858581247,0.7791199055553568,0.707808214645312,23.7,0.0,0,0,0,Thursday,28,7,July,Summer,0,0,0,
2023-07-14,79.31232858581248,0.7791199055553568,0.707808214645312,22.5,0.0,0,0,0,Friday,28,7,July,Summer,0,1,0,
2023-07-15,85.31232858581248,0.7791199055553568,0.707808214645312,21.6,0.2,0,0,0,Saturday,28,7,July,Summer,1,1,0,
2023-07-16,79.31232858581248,0.7791199055553568,0.707808214645312,20.6,0.0,0,0,0,Sunday,28,7,July,Summer,1,0,0,
2023-07-17,73.31232858581247,0.7791199055553568,0.707808214645312,22.2,0.0,0,0,0,Monday,29,7,July,Summer,0,0,0,
2023-07-18,73.31232858581247,0.7791199055553568,0.707808214645312,22.2,0.0,0,0,0,Tuesday,29,7,July,Summer,0,0,0,
2023-07-19,73.31232858581247,0.7791199055553568,0.707808214645312,22.1,0.0,0,0,0,Wednesday,29,7,July,Summer,0,0,0,
2023-07-20,73.31232858581247,0.7791199055553568,0.707808214645312,21.3,0.0,0,0,0,Thursday,29,7,July,Summer,0,0,0,
2023-07-21,79.31232858581248,0.7791199055553568,0.707808214645312,21.3,0.0,0,0,0,Friday,29,7,July,Summer,0,1,0,
2023-07-22,85.31232858581248,0.7791199055553568,0.707808214645312,21.7,0.0,0,0,0,Saturday,29,7,July,Summer,1,1,0,
2023-07-23,79.31232858581248,0.7791199055553568,0.707808214645312,21.3,0.0,0,0,0,Sunday,29,7,July,Summer,1,0,0,
2023-07-24,73.31232858581247,0.7791199055553568,0.707808214645312,21.7,0.2,0,0,0,Monday,30,7,July,Summer,0,0,0,
2023-07-25,73.31232858581247,0.7791199055553568,0.707808214645312,20.7,0.0,0,0,0,Tuesday,30,7,July,Summer,0,0,0,
2023-07-26,73.31232858581247,0.7791199055553568,0.707808214645312,22.8,0.0,0,0,0,Wednesday,30,7,July,Summer,0,0,0,
2023-07-27,73.31232858581247,0.7791199055553568,0.707808214645312,21.3,0.0,0,0,0,Thursday,30,7,July,Summer,0,0,0,
2023-07-28,79.31232858581248,0.7791199055553568,0.707808214645312,22.6,0.0,0,0,0,Friday,30,7,July,Summer,0,1,0,
2023-07-29,85.31232858581248,0.7791199055553568,0.707808214645312,23.1,0.1,0,0,0,Saturday,30,7,July,Summer,1,1,0,
2023-07-30,79.31232858581248,0.7791199055553568,0.707808214645312,22.8,0.0,0,0,0,Sunday,30,7,July,Summer,1,0,0,
2023-07-31,73.31232858581247,0.7791199055553568,0.707808214645312,22.1,0.0,0,0,0,Monday,31,7,July,Summer,0,0,0,
2023-08-01,75.09134626004605,0.7979069519855211,0.7522836565011515,23.8,0.0,0,0,0,Tuesday,31,8,August,Summer,0,0,0,
2023-08-02,75.09134626004605,0.7979069519855211,0.7522836565011515,23.5,0.1,0,0,0,Wednesday,31,8,August,Summer,0,0,0,
2023-08-03,75.09134626004605,0.7979069519855211,0.7522836565011515,21.2,0.0,0,0,0,Thursday,31,8,August,Summer,0,0,0,
2023-08-04,81.09134626004607,0.7979069519855211,0.7522836565011515,23.1,0.0,0,0,0,Friday,31,8,August,Summer,0,1,0,
2023-08-05,81.09134626004607,0.7979069519855211,0.7522836565011515,27.6,0.0,0,1,0,Saturday,31,8,August,Summer,1,1,0,
2023-08-06,75.09134626004605,0.7979069519855211,0.7522836565011515,29.9,0.0,0,1,0,Sunday,31,8,August,Summer,1,0,0,
2023-08-07,69.09134626004607,0.7979069519855211,0.7522836565011515,29.2,0.0,0,1,0,Monday,32,8,August,Summer,0,0,0,
2023-08-08,75.09134626004605,0.7979069519855211,0.7522836565011515,22.8,0.0,0,0,0,Tuesday,32,8,August,Summer,0,0,0,
2023-08-09,75.09134626004605,0.7979069519855211,0.7522836565011515,22.6,0.0,0,0,0,Wednesday,32,8,August,Summer,0,0,0,
2023-08-10,75.09134626004605,0.7979069519855211,0.7522836565011515,23.5,0.0,0,0,0,Thursday,32,8,August,Summer,0,0,0,
2023-08-11,81.09134626004607,0.7979069519855211,0.7522836565011515,24.7,0.0,0,0,0,Friday,32,8,August,Summer,0,1,0,
2023-08-12,87.09134626004607,0.7979069519855211,0.7522836565011515,24.5,0.0,0,0,0,Saturday,32,8,August,Summer,1,1,0,
2023-08-13,81.09134626004607,0.7979069519855211,0.7522836565011515,21.6,0.0,0,0,0,Sunday,32,8,August,Summer,1,0,0,
2023-08-14,75.09134626004605,0.7979069519855211,0.7522836565011515,21.8,0.0,0,0,0,Monday,33,8,August,Summer,0,0,0,
2023-08-15,84.09134626004607,0.7979069519855211,0.7522836565011515,22.2,0.0,0,0,0,Tuesday,33,8,August,Summer,0,0,1,Assunção de Nossa Senhora
2023-08-16,75.09134626004605,0.7979069519855211,0.7522836565011515,21.4,0.0,0,0,0,Wednesday,33,8,August,Summer,0,0,0,
2023-08-17,75.09134626004605,0.7979069519855211,0.7522836565011515,22.4,0.0,0,0,0,Thursday,33,8,August,Summer,0,0,0,
2023-08-18,81.09134626004607,0.7979069519855211,0.7522836565011515,21.7,0.2,0,0,0,Friday,33,8,August,Summer,0,1,0,
2023-08-19,87.09134626004607,0.7979069519855211,0.7522836565011515,23.5,0.1,0,0,0,Saturday,33,8,August,Summer,1,1,0,
2023-08-20,75.09134626004605,0.7979069519855211,0.7522836565011515,25.7,0.0,0,1,0,Sunday,33,8,August,Summer,1,0,0,
2023-08-21,69.09134626004607,0.7979069519855211,0.7522836565011515,27.6,0.0,0,1,0,Monday,34,8,August,Summer,0,0,0,
2023-08-22,69.09134626004607,0.7979069519855211,0.7522836565011515,27.0,0.0,0,1,0,Tuesday,34,8,August,Summer,0,0,0,
2023-08-23,69.09134626004607,0.7979069519855211,0.7522836565011515,27.0,0.0,0,1,0,Wednesday,34,8,August,Summer,0,0,0,
2023-08-24,69.09134626004607,0.7979069519855211,0.7522836565011515,25.9,0.0,0,1,0,Thursday,34,8,August,Summer,0,0,0,
2023-08-25,81.09134626004607,0.7979069519855211,0.7522836565011515,24.5,0.0,0,0,0,Friday,34,8,August,Summer,0,1,0,
2023-08-26,87.09134626004607,0.7979069519855211,0.7522836565011515,21.5,0.0,0,0,0,Saturday,34,8,August,Summer,1,1,0,
2023-08-27,81.09134626004607,0.7979069519855211,0.7522836565011515,20.8,0.0,0,0,0,Sunday,34,8,August,Summer,1,0,0,
2023-08-28,75.09134626004605,0.7979069519855211,0.7522836565011515,21.3,0.0,0,0,0,Monday,35,8,August,Summer,0,0,0,
2023-08-29,75.09134626004605,0.7979069519855211,0.7522836565011515,21.2,0.0,0,0,0,Tuesday,35,8,August,Summer,0,0,0,
2023-08-30,75.09134626004605,0.7979069519855211,0.7522836565011515,21.4,0.0,0,0,0,Wednesday,35,8,August,Summer,0,0,0,
2023-08-31,75.09134626004605,0.7979069519855211,0.7522836565011515,22.4,0.0,0,0,0,Thursday,35,8,August,Summer,0,0,0,
2023-09-01,89.16942721389336,0.8832143011730078,0.9542356803473337,21.3,0.0,0,0,0,Friday,35,9,September,Autumn,0,1,0,
2023-09-02,95.16942721389334,0.8832143011730078,0.9542356803473337,20.5,0.6,0,0,0,Saturday,35,9,September,Autumn,1,1,0,
2023-09-03,80.16942721389336,0.8832143011730078,0.9542356803473337,19.5,8.9,1,0,0,Sunday,35,9,September,Autumn,1,0,0,
2023-09-04,74.16942721389334,0.8832143011730078,0.9542356803473337,18.5,15.6,1,0,0,Monday,36,9,September,Autumn,0,0,0,
2023-09-05,74.16942721389334,0.8832143011730078,0.9542356803473337,20.2,3.1,1,0,0,Tuesday,36,9,September,Autumn,0,0,0,
2023-09-06,83.16942721389336,0.8832143011730078,0.9542356803473337,20.5,0.1,0,0,0,Wednesday,36,9,September,Autumn,0,0,0,
2023-09-07,83.16942721389336,0.8832143011730078,0.9542356803473337,21.4,0.7,0,0,0,Thursday,36,9,September,Autumn,0,0,0,
2023-09-08,80.16942721389336,0.8832143011730078,0.9542356803473337,21.1,9.3,1,0,0,Friday,36,9,September,Autumn,0,1,0,
2023-09-09,86.16942721389334,0.8832143011730078,0.9542356803473337,20.7,1.8,1,0,0,Saturday,36,9,September,Autumn,1,1,0,
2023-09-10,80.16942721389336,0.8832143011730078,0.9542356803473337,19.5,7.0,1,0,0,Sunday,36,9,September,Autumn,1,0,0,
2023-09-11,83.16942721389336,0.8832143011730078,0.9542356803473337,20.1,0.2,0,0,0,Monday,37,9,September,Autumn,0,0,0,
2023-09-12,74.16942721389334,0.8832143011730078,0.9542356803473337,20.3,2.0,1,0,0,Tuesday,37,9,September,Autumn,0,0,0,
2023-09-13,83.16942721389336,0.8832143011730078,0.9542356803473337,22.6,0.0,0,0,0,Wednesday,37,9,September,Autumn,0,0,0,
2023-09-14,83.16942721389336,0.8832143011730078,0.9542356803473337,24.1,0.0,0,0,0,Thursday,37,9,September,Autumn,0,0,0,
2023-09-15,80.16942721389336,0.8832143011730078,0.9542356803473337,21.1,1.4,1,0,0,Friday,37,9,September,Autumn,0,1,0,
2023-09-16,86.16942721389334,0.8832143011730078,0.9542356803473337,20.4,1.2,1,0,0,Saturday,37,9,September,Autumn,1,1,0,
2023-09-17,80.16942721389336,0.8832143011730078,0.9542356803473337,19.6,8.1,1,0,0,Sunday,37,9,September,Autumn,1,0,0,
2023-09-18,83.16942721389336,0.8832143011730078,0.9542356803473337,19.3,0.2,0,0,0,Monday,38,9,September,Autumn,0,0,0,
2023-09-19,83.16942721389336,0.8832143011730078,0.9542356803473337,19.5,0.0,0,0,0,Tuesday,38,9,September,Autumn,0,0,0,
2023-09-20,83.16942721389336,0.8832143011730078,0.9542356803473337,18.9,0.0,0,0,0,Wednesday,38,9,September,Autumn,0,0,0,
2023-09-21,74.16942721389334,0.8832143011730078,0.9542356803473337,20.2,3.1,1,0,0,Thursday,38,9,September,Autumn,0,0,0,
2023-09-22,89.16942721389336,0.8832143011730078,0.9542356803473337,18.7,0.4,0,0,0,Friday,38,9,September,Autumn,0,1,0,
2023-09-23,95.16942721389334,0.8832143011730078,0.9542356803473337,19.7,0.0,0,0,0,Saturday,38,9,September,Autumn,1,1,0,
2023-09-24,89.16942721389336,0.8832143011730078,0.9542356803473337,21.2,0.0,0,0,0,Sunday,38,9,September,Autumn,1,0,0,
2023-09-25,83.16942721389336,0.8832143011730078,0.9542356803473337,22.6,0.0,0,0,0,Monday,39,9,September,Autumn,0,0,0,
2023-09-26,83.16942721389336,0.8832143011730078,0.9542356803473337,22.7,0.0,0,0,0,Tuesday,39,9,September,Autumn,0,0,0,
2023-09-27,83.16942721389336,0.8832143011730078,0.9542356803473337,21.6,0.0,0,0,0,Wednesday,39,9,September,Autumn,0,0,0,
2023-09-28,83.16942721389336,0.8832143011730078,0.9542356803473337,22.3,0.0,0,0,0,Thursday,39,9,September,Autumn,0,0,0,
2023-09-29,83.16942721389336,0.8832143011730078,0.9542356803473337,25.5,0.0,0,1,0,Friday,39,9,September,Autumn,0,1,0,
2023-09-30,89.16942721389334,0.8832143011730078,0.9542356803473337,26.0,0.0,0,1,0,Saturday,39,9,September,Autumn,1,1,0,
2023-10-01,86.66806070200887,0.8567989993588329,0.8917015175502221,23.4,0.0,0,0,0,Sunday,39,10,October,Autumn,1,0,0,
2023-10-02,80.66806070200889,0.8567989993588329,0.8917015175502221,21.6,0.0,0,0,0,Monday,40,10,October,Autumn,0,0,0,
2023-10-03,80.66806070200889,0.8567989993588329,0.8917015175502221,22.7,0.0,0,0,0,Tuesday,40,10,October,Autumn,0,0,0,
2023-10-04,80.66806070200889,0.8567989993588329,0.8917015175502221,22.3,0.0,0,0,0,Wednesday,40,10,October,Autumn,0,0,0,
2023-10-05,89.66806070200887,0.8567989993588329,0.8917015175502221,22.1,0.0,0,0,0,Thursday,40,10,October,Autumn,0,0,1,Implantação da República
2023-10-06,86.66806070200887,0.8567989993588329,0.8917015175502221,23.5,0.0,0,0,0,Friday,40,10,October,Autumn,0,1,0,
2023-10-07,92.66806070200889,0.8567989993588329,0.8917015175502221,22.9,0.0,0,0,0,Saturday,40,10,October,Autumn,1,1,0,
2023-10-08,86.66806070200887,0.8567989993588329,0.8917015175502221,23.8,0.0,0,0,0,Sunday,40,10,October,Autumn,1,0,0,
2023-10-09,80.66806070200889,0.8567989993588329,0.8917015175502221,23.8,0.0,0,0,0,Monday,41,10,October,Autumn,0,0,0,
2023-10-10,80.66806070200889,0.8567989993588329,0.8917015175502221,22.8,0.0,0,0,0,Tuesday,41,10,October,Autumn,0,0,0,
2023-10-11,80.66806070200889,0.8567989993588329,0.8917015175502221,21.2,0.0,0,0,0,Wednesday,41,10,October,Autumn,0,0,0,
2023-10-12,80.66806070200889,0.8567989993588329,0.8917015175502221,20.8,0.0,0,0,0,Thursday,41,10,October,Autumn,0,0,0,
2023-10-13,86.66806070200887,0.8567989993588329,0.8917015175502221,21.2,0.4,0,0,0,Friday,41,10,October,Autumn,0,1,0,
2023-10-14,92.66806070200889,0.8567989993588329,0.8917015175502221,20.4,0.3,0,0,0,Saturday,41,10,October,Autumn,1,1,0,
2023-10-15,77.66806070200887,0.8567989993588329,0.8917015175502221,19.3,5.3,1,0,0,Sunday,41,10,October,Autumn,1,0,0,
2023-10-16,71.66806070200889,0.8567989993588329,0.8917015175502221,20.9,2.2,1,0,0,Monday,42,10,October,Autumn,0,0,0,
2023-10-17,71.66806070200889,0.8567989993588329,0.8917015175502221,20.2,36.7,1,0,0,Tuesday,42,10,October,Autumn,0,0,0,
2023-10-18,71.66806070200889,0.8567989993588329,0.8917015175502221,20.6,1.3,1,0,0,Wednesday,42,10,October,Autumn,0,0,0,
2023-10-19,71.66806070200889,0.8567989993588329,0.8917015175502221,19.2,30.1,1,0,0,Thursday,42,10,October,Autumn,0,0,0,
2023-10-20,77.66806070200887,0.8567989993588329,0.8917015175502221,17.3,3.2,1,0,0,Friday,42,10,October,Autumn,0,1,0,
2023-10-21,83.66806070200887,0.8567989993588329,0.8917015175502221,16.5,2.9,1,0,0,Saturday,42,10,October,Autumn,1,1,0,
2023-10-22,77.66806070200887,0.8567989993588329,0.8917015175502221,15.4,3.9,1,0,0,Sunday,42,10,October,Autumn,1,0,0,
2023-10-23,71.66806070200889,0.8567989993588329,0.8917015175502221,15.2,2.6,1,0,0,Monday,43,10,October,Autumn,0,0,0,
2023-10-24,71.66806070200889,0.8567989993588329,0.8917015175502221,17.8,8.6,1,0,0,Tuesday,43,10,October,Autumn,0,0,0,
2023-10-25,80.66806070200889,0.8567989993588329,0.8917015175502221,19.4,0.7,0,0,0,Wednesday,43,10,October,Autumn,0,0,0,
2023-10-26,71.66806070200889,0.8567989993588329,0.8917015175502221,19.2,4.4,1,0,0,Thursday,43,10,October,Autumn,0,0,0,
2023-10-27,77.66806070200887,0.8567989993588329,0.8917015175502221,17.9,1.7,1,0,0,Friday,43,10,October,Autumn,0,1,0,
2023-10-28,83.66806070200887,0.8567989993588329,0.8917015175502221,18.7,1.4,1,0,0,Saturday,43,10,October,Autumn,1,1,0,
2023-10-29,77.66806070200887,0.8567989993588329,0.8917015175502221,17.8,17.4,1,0,0,Sunday,43,10,October,Autumn,1,0,0,
2023-10-30,80.66806070200889,0.8567989993588329,0.8917015175502221,16.3,0.0,0,0,0,Monday,44,10,October,Autumn,0,0,0,
2023-10-31,71.66806070200889,0.8567989993588329,0.8917015175502221,15.9,2.6,1,0,0,Tuesday,44,10,October,Autumn,0,0,0,
2023-11-01,67.19516698940127,0.7145205479452055,0.5548791747350319,18.9,5.1,1,0,0,Wednesday,44,11,November,Autumn,0,0,1,Dia de Todos os Santos
2023-11-02,58.19516698940127,0.7145205479452055,0.5548791747350319,17.6,2.5,1,0,0,Thursday,44,11,November,Autumn,0,0,0,
2023-11-03,73.19516698940127,0.7145205479452055,0.5548791747350319,16.9,0.0,0,0,0,Friday,44,11,November,Autumn,0,1,0,
2023-11-04,70.19516698940127,0.7145205479452055,0.5548791747350319,18.0,3.5,1,0,0,Saturday,44,11,November,Autumn,1,1,0,
2023-11-05,73.19516698940127,0.7145205479452055,0.5548791747350319,15.7,0.1,0,0,0,Sunday,44,11,November,Autumn,1,0,0,
2023-11-06,67.19516698940127,0.7145205479452055,0.5548791747350319,13.0,0.2,0,0,0,Monday,45,11,November,Autumn,0,0,0,
2023-11-07,67.19516698940127,0.7145205479452055,0.5548791747350319,13.7,0.1,0,0,0,Tuesday,45,11,November,Autumn,0,0,0,
2023-11-08,58.19516698940127,0.7145205479452055,0.5548791747350319,15.5,8.3,1,0,0,Wednesday,45,11,November,Autumn,0,0,0,
2023-11-09,58.19516698940127,0.7145205479452055,0.5548791747350319,16.0,3.1,1,0,0,Thursday,45,11,November,Autumn,0,0,0,
2023-11-10,73.19516698940127,0.7145205479452055,0.5548791747350319,16.4,0.1,0,0,0,Friday,45,11,November,Autumn,0,1,0,
2023-11-11,79.19516698940127,0.7145205479452055,0.5548791747350319,18.1,0.5,0,0,0,Saturday,45,11,November,Autumn,1,1,0,
2023-11-12,73.19516698940127,0.7145205479452055,0.5548791747350319,18.6,0.1,0,0,0,Sunday,45,11,November,Autumn,1,0,0,
2023-11-13,67.19516698940127,0.7145205479452055,0.5548791747350319,17.2,0.2,0,0,0,Monday,46,11,November,Autumn,0,0,0,
2023-11-14,67.19516698940127,0.7145205479452055,0.5548791747350319,15.6,0.0,0,0,0,Tuesday,46,11,November,Autumn,0,0,0,
2023-11-15,67.19516698940127,0.7145205479452055,0.5548791747350319,16.2,0.0,0,0,0,Wednesday,46,11,November,Autumn,0,0,0,
2023-11-16,67.19516698940127,0.7145205479452055,0.5548791747350319,17.8,0.2,0,0,0,Thursday,46,11,November,Autumn,0,0,0,
2023-11-17,73.19516698940127,0.7145205479452055,0.5548791747350319,17.0,0.0,0,0,0,Friday,46,11,November,Autumn,0,1,0,
2023-11-18,79.19516698940127,0.7145205479452055,0.5548791747350319,15.3,0.0,0,0,0,Saturday,46,11,November,Autumn,1,1,0,
2023-11-19,73.19516698940127,0.7145205479452055,0.5548791747350319,15.1,0.0,0,0,0,Sunday,46,11,November,Autumn,1,0,0,
2023-11-20,67.19516698940127,0.7145205479452055,0.5548791747350319,15.6,0.0,0,0,0,Monday,47,11,November,Autumn,0,0,0,
2023-11-21,67.19516698940127,0.7145205479452055,0.5548791747350319,13.9,0.0,0,0,0,Tuesday,47,11,November,Autumn,0,0,0,
2023-11-22,67.19516698940127,0.7145205479452055,0.5548791747350319,13.5,0.0,0,0,0,Wednesday,47,11,November,Autumn,0,0,0,
2023-11-23,67.19516698940127,0.7145205479452055,0.5548791747350319,12.5,0.0,0,0,0,Thursday,47,11,November,Autumn,0,0,0,
2023-11-24,73.19516698940127,0.7145205479452055,0.5548791747350319,11.5,0.0,0,0,0,Friday,47,11,November,Autumn,0,1,0,
2023-11-25,79.19516698940127,0.7145205479452055,0.5548791747350319,12.4,0.0,0,0,0,Saturday,47,11,November,Autumn,1,1,0,
2023-11-26,73.19516698940127,0.7145205479452055,0.5548791747350319,12.2,0.0,0,0,0,Sunday,47,11,November,Autumn,1,0,0,
2023-11-27,67.19516698940127,0.7145205479452055,0.5548791747350319,14.6,0.2,0,0,0,Monday,48,11,November,Autumn,0,0,0,
2023-11-28,58.19516698940127,0.7145205479452055,0.5548791747350319,17.0,10.2,1,0,0,Tuesday,48,11,November,Autumn,0,0,0,
2023-11-29,58.19516698940127,0.7145205479452055,0.5548791747350319,17.2,1.6,1,0,0,Wednesday,48,11,November,Autumn,0,0,0,
2023-11-30,58.19516698940127,0.7145205479452055,0.5548791747350319,16.1,36.8,1,0,0,Thursday,48,11,November,Autumn,0,0,0,
2023-12-01,64.58898477988232,0.5285931300117875,0.11472461949705837,11.6,0.4,0,0,0,Friday,48,12,December,Winter,0,1,1,Restauração da Independência
2023-12-02,61.588984779882324,0.5285931300117875,0.11472461949705837,10.9,0.1,0,0,0,Saturday,48,12,December,Winter,1,1,0,
2023-12-03,46.58898477988234,0.5285931300117875,0.11472461949705837,12.2,6.8,1,0,0,Sunday,48,12,December,Winter,1,0,0,
2023-12-04,40.58898477988233,0.5285931300117875,0.11472461949705837,13.8,9.6,1,0,0,Monday,49,12,December,Winter,0,0,0,
2023-12-05,40.58898477988233,0.5285931300117875,0.11472461949705837,10.9,5.4,1,0,0,Tuesday,49,12,December,Winter,0,0,0,
2023-12-06,49.58898477988233,0.5285931300117875,0.11472461949705837,11.1,0.0,0,0,0,Wednesday,49,12,December,Winter,0,0,0,
2023-12-07,40.58898477988233,0.5285931300117875,0.11472461949705837,15.5,8.0,1,0,0,Thursday,49,12,December,Winter,0,0,0,
2023-12-08,64.58898477988232,0.5285931300117875,0.11472461949705837,14.9,0.0,0,0,0,Friday,49,12,December,Winter,0,1,1,Imaculada Conceição
2023-12-09,61.588984779882324,0.5285931300117875,0.11472461949705837,16.6,0.9,0,0,0,Saturday,49,12,December,Winter,1,1,0,
2023-12-10,55.58898477988233,0.5285931300117875,0.11472461949705837,16.4,0.6,0,0,0,Sunday,49,12,December,Winter,1,0,0,
2023-12-11,49.58898477988233,0.5285931300117875,0.11472461949705837,15.3,0.3,0,0,0,Monday,50,12,December,Winter,0,0,0,
2023-12-12,40.58898477988233,0.5285931300117875,0.11472461949705837,17.1,2.8,1,0,0,Tuesday,50,12,December,Winter,0,0,0,
2023-12-13,49.58898477988233,0.5285931300117875,0.11472461949705837,13.7,0.0,0,0,0,Wednesday,50,12,December,Winter,0,0,0,
2023-12-14,49.58898477988233,0.5285931300117875,0.11472461949705837,12.1,0.0,0,0,0,Thursday,50,12,December,Winter,0,0,0,
2023-12-15,55.58898477988233,0.5285931300117875,0.11472461949705837,11.7,0.0,0,0,0,Friday,50,12,December,Winter,0,1,0,
2023-12-16,61.588984779882324,0.5285931300117875,0.11472461949705837,11.6,0.0,0,0,0,Saturday,50,12,December,Winter,1,1,0,
2023-12-17,55.58898477988233,0.5285931300117875,0.11472461949705837,10.1,0.0,0,0,0,Sunday,50,12,December,Winter,1,0,0,
2023-12-18,46.58898477988234,0.5285931300117875,0.11472461949705837,9.0,0.0,0,0,1,Monday,51,12,December,Winter,0,0,0,
2023-12-19,46.58898477988234,0.5285931300117875,0.11472461949705837,9.1,0.0,0,0,1,Tuesday,51,12,December,Winter,0,0,0,
2023-12-20,49.58898477988233,0.5285931300117875,0.11472461949705837,13.4,0.0,0,0,0,Wednesday,51,12,December,Winter,0,0,0,
2023-12-21,49.58898477988233,0.5285931300117875,0.11472461949705837,11.8,0.0,0,0,0,Thursday,51,12,December,Winter,0,0,0,
2023-12-22,55.58898477988233,0.5285931300117875,0.11472461949705837,11.2,0.0,0,0,0,Friday,51,12,December,Winter,0,1,0,
2023-12-23,61.588984779882324,0.5285931300117875,0.11472461949705837,10.2,0.0,0,0,0,Saturday,51,12,December,Winter,1,1,0,
2023-12-24,52.58898477988234,0.5285931300117875,0.11472461949705837,9.4,0.0,0,0,1,Sunday,51,12,December,Winter,1,0,0,
2023-12-25,55.58898477988233,0.5285931300117875,0.11472461949705837,9.3,0.0,0,0,1,Monday,52,12,December,Winter,0,0,1,Dia de Natal
2023-12-26,46.58898477988234,0.5285931300117875,0.11472461949705837,9.8,0.0,0,0,1,Tuesday,52,12,December,Winter,0,0,0,
2023-12-27,46.58898477988234,0.5285931300117875,0.11472461949705837,9.4,0.9,0,0,1,Wednesday,52,12,December,Winter,0,0,0,
2023-12-28,49.58898477988233,0.5285931300117875,0.11472461949705837,11.2,0.3,0,0,0,Thursday,52,12,December,Winter,0,0,0,
2023-12-29,55.58898477988233,0.5285931300117875,0.11472461949705837,10.6,0.0,0,0,0,Friday,52,12,December,Winter,0,1,0,
2023-12-30,61.588984779882324,0.5285931300117875,0.11472461949705837,12.0,0.5,0,0,0,Saturday,52,12,December,Winter,1,1,0,
2023-12-31,55.58898477988233,0.5285931300117875,0.11472461949705837,11.9,0.8,0,0,0,Sunday,52,12,December,Winter,1,0,0,
2024-01-01,54.0,0.48013185198423336,0.0,10.6,0.0,0,0,0,Monday,1,1,January,Winter,0,0,1,Ano Novo
2024-01-02,36.0,0.48013185198423336,0.0,16.1,9.4,1,0,0,Tuesday,1,1,January,Winter,0,0,0,
2024-01-03,36.0,0.48013185198423336,0.0,15.7,12.7,1,0,0,Wednesday,1,1,January,Winter,0,0,0,
2024-01-04,36.0,0.48013185198423336,0.0,14.6,2.9,1,0,0,Thursday,1,1,January,Winter,0,0,0,
2024-01-05,51.0,0.48013185198423336,0.0,11.4,0.5,0,0,0,Friday,1,1,January,Winter,0,1,0,
2024-01-06,56.99999999999999,0.48013185198423336,0.0,10.2,0.0,0,0,0,Saturday,1,1,January,Winter,1,1,0,
2024-01-07,48.0,0.48013185198423336,0.0,8.3,0.0,0,0,1,Sunday,1,1,January,Winter,1,0,0,
2024-01-08,32.99999999999999,0.48013185198423336,0.0,8.2,14.7,1,0,1,Monday,2,1,January,Winter,0,0,0,
2024-01-09,44.99999999999999,0.48013185198423336,0.0,10.9,0.0,0,0,0,Tuesday,2,1,January,Winter,0,0,0,
2024-01-10,44.99999999999999,0.48013185198423336,0.0,11.7,0.2,0,0,0,Wednesday,2,1,January,Winter,0,0,0,
2024-01-11,44.99999999999999,0.48013185198423336,0.0,10.6,0.1,0,0,0,Thursday,2,1,January,Winter,0,0,0,
2024-01-12,51.0,0.48013185198423336,0.0,10.6,0.7,0,0,0,Friday,2,1,January,Winter,0,1,0,
2024-01-13,48.0,0.48013185198423336,0.0,15.8,15.7,1,0,0,Saturday,2,1,January,Winter,1,1,0,
2024-01-14,42.0,0.48013185198423336,0.0,16.6,8.8,1,0,0,Sunday,2,1,January,Winter,1,0,0,
2024-01-15,36.0,0.48013185198423336,0.0,17.0,3.0,1,0,0,Monday,3,1,January,Winter,0,0,0,
2024-01-16,36.0,0.48013185198423336,0.0,17.1,20.2,1,0,0,Tuesday,3,1,January,Winter,0,0,0,
2024-01-17,36.0,0.48013185198423336,0.0,15.8,8.3,1,0,0,Wednesday,3,1,January,Winter,0,0,0,
2024-01-18,36.0,0.48013185198423336,0.0,15.0,12.6,1,0,0,Thursday,3,1,January,Winter,0,0,0,
2024-01-19,42.0,0.48013185198423336,0.0,13.1,26.8,1,0,0,Friday,3,1,January,Winter,0,1,0,
2024-01-20,56.99999999999999,0.48013185198423336,0.0,10.8,0.0,0,0,0,Saturday,3,1,January,Winter,1,1,0,
2024-01-21,48.0,0.48013185198423336,0.0,9.2,0.0,0,0,1,Sunday,3,1,January,Winter,1,0,0,
2024-01-22,44.99999999999999,0.48013185198423336,0.0,10.3,0.0,0,0,0,Monday,4,1,January,Winter,0,0,0,
2024-01-23,44.99999999999999,0.48013185198423336,0.0,14.3,0.0,0,0,0,Tuesday,4,1,January,Winter,0,0,0,
2024-01-24,44.99999999999999,0.48013185198423336,0.0,14.1,0.0,0,0,0,Wednesday,4,1,January,Winter,0,0,0,
2024-01-25,44.99999999999999,0.48013185198423336,0.0,14.7,0.0,0,0,0,Thursday,4,1,January,Winter,0,0,0,
2024-01-26,51.0,0.48013185198423336,0.0,14.9,0.0,0,0,0,Friday,4,1,January,Winter,0,1,0,
2024-01-27,56.99999999999999,0.48013185198423336,0.0,14.0,0.0,0,0,0,Saturday,4,1,January,Winter,1,1,0,
2024-01-28,51.0,0.48013185198423336,0.0,14.3,0.0,0,0,0,Sunday,4,1,January,Winter,1,0,0,
2024-01-29,44.99999999999999,0.48013185198423336,0.0,13.3,0.0,0,0,0,Monday,5,1,January,Winter,0,0,0,
2024-01-30,44.99999999999999,0.48013185198423336,0.0,13.4,0.0,0,0,0,Tuesday,5,1,January,Winter,0,0,0,
2024-01-31,44.99999999999999,0.48013185198423336,0.0,13.7,0.0,0,0,0,Wednesday,5,1,January,Winter,0,0,0,
2024-02-01,59.009129824099006,0.6280731435539935,0.35022824560247523,13.7,0.0,0,0,0,Thursday,5,2,February,Winter,0,0,0,
2024-02-02,65.009129824099,0.6280731435539935,0.35022824560247523,13.4,0.0,0,0,0,Friday,5,2,February,Winter,0,1,0,
2024-02-03,71.009129824099,0.6280731435539935,0.35022824560247523,12.0,0.0,0,0,0,Saturday,5,2,February,Winter,1,1,0,
2024-02-04,65.009129824099,0.6280731435539935,0.35022824560247523,12.3,0.0,0,0,0,Sunday,5,2,February,Winter,1,0,0,
2024-02-05,59.009129824099006,0.6280731435539935,0.35022824560247523,13.4,0.0,0,0,0,Monday,6,2,February,Winter,0,0,0,
2024-02-06,59.009129824099006,0.6280731435539935,0.35022824560247523,13.1,0.0,0,0,0,Tuesday,6,2,February,Winter,0,0,0,
2024-02-07,59.009129824099006,0.6280731435539935,0.35022824560247523,15.5,0.4,0,0,0,Wednesday,6,2,February,Winter,0,0,0,
2024-02-08,50.009129824099006,0.6280731435539935,0.35022824560247523,15.6,25.5,1,0,0,Thursday,6,2,February,Winter,0,0,0,
2024-02-09,56.009129824099006,0.6280731435539935,0.35022824560247523,14.8,7.1,1,0,0,Friday,6,2,February,Winter,0,1,0,
2024-02-10,71.009129824099,0.6280731435539935,0.35022824560247523,12.4,0.7,0,0,0,Saturday,6,2,February,Winter,1,1,0,
2024-02-11,56.009129824099006,0.6280731435539935,0.35022824560247523,14.9,29.6,1,0,0,Sunday,6,2,February,Winter,1,0,0,
2024-02-12,59.009129824099006,0.6280731435539935,0.35022824560247523,16.7,0.8,0,0,0,Monday,7,2,February,Winter,0,0,0,
2024-02-13,50.009129824099006,0.6280731435539935,0.35022824560247523,16.6,1.6,1,0,0,Tuesday,7,2,February,Winter,0,0,0,
2024-02-14,59.009129824099006,0.6280731435539935,0.35022824560247523,17.0,0.2,0,0,0,Wednesday,7,2,February,Winter,0,0,0,
2024-02-15,50.009129824099006,0.6280731435539935,0.35022824560247523,16.1,4.3,1,0,0,Thursday,7,2,February,Winter,0,0,0,
2024-02-16,65.009129824099,0.6280731435539935,0.35022824560247523,14.8,0.0,0,0,0,Friday,7,2,February,Winter,0,1,0,
2024-02-17,71.009129824099,0.6280731435539935,0.35022824560247523,14.8,0.0,0,0,0,Saturday,7,2,February,Winter,1,1,0,
2024-02-18,65.009129824099,0.6280731435539935,0.35022824560247523,14.3,0.0,0,0,0,Sunday,7,2,February,Winter,1,0,0,
2024-02-19,59.009129824099006,0.6280731435539935,0.35022824560247523,15.9,0.0,0,0,0,Monday,8,2,February,Winter,0,0,0,
2024-02-20,59.009129824099006,0.6280731435539935,0.35022824560247523,16.1,0.0,0,0,0,Tuesday,8,2,February,Winter,0,0,0,
2024-02-21,59.009129824099006,0.6280731435539935,0.35022824560247523,14.4,0.0,0,0,0,Wednesday,8,2,February,Winter,0,0,0,
2024-02-22,50.009129824099006,0.6280731435539935,0.35022824560247523,14.2,1.9,1,0,0,Thursday,8,2,February,Winter,0,0,0,
2024-02-23,65.009129824099,0.6280731435539935,0.35022824560247523,12.4,0.6,0,0,0,Friday,8,2,February,Winter,0,1,0,
2024-02-24,71.009129824099,0.6280731435539935,0.35022824560247523,13.1,0.7,0,0,0,Saturday,8,2,February,Winter,1,1,0,
2024-02-25,56.009129824099006,0.6280731435539935,0.35022824560247523,15.1,3.5,1,0,0,Sunday,8,2,February,Winter,1,0,0,
2024-02-26,50.009129824099006,0.6280731435539935,0.35022824560247523,12.1,4.3,1,0,0,Monday,9,2,February,Winter,0,0,0,
2024-02-27,59.009129824099006,0.6280731435539935,0.35022824560247523,11.6,0.0,0,0,0,Tuesday,9,2,February,Winter,0,0,0,
2024-02-28,59.009129824099006,0.6280731435539935,0.35022824560247523,12.5,0.0,0,0,0,Wednesday,9,2,February,Winter,0,0,0,
2024-02-29,59.009129824099006,0.6280731435539935,0.35022824560247523,13.2,0.0,0,0,0,Thursday,9,2,February,Winter,0,0,0,
2024-03-01,76.36866729349252,0.7480338167691297,0.634216682337313,12.7,0.6,0,0,0,Friday,9,3,March,Spring,0,1,0,
2024-03-02,73.36866729349252,0.7480338167691297,0.634216682337313,12.5,2.5,1,0,0,Saturday,9,3,March,Spring,1,1,0,
2024-03-03,76.36866729349252,0.7480338167691297,0.634216682337313,12.8,0.0,0,0,0,Sunday,9,3,March,Spring,1,0,0,
2024-03-04,70.36866729349252,0.7480338167691297,0.634216682337313,13.5,1.0,0,0,0,Monday,10,3,March,Spring,0,0,0,
2024-03-05,70.36866729349252,0.7480338167691297,0.634216682337313,11.6,0.2,0,0,0,Tuesday,10,3,March,Spring,0,0,0,
2024-03-06,70.36866729349252,0.7480338167691297,0.634216682337313,11.3,0.6,0,0,0,Wednesday,10,3,March,Spring,0,0,0,
2024-03-07,61.36866729349252,0.7480338167691297,0.634216682337313,11.6,13.5,1,0,0,Thursday,10,3,March,Spring,0,0,0,
2024-03-08,67.3686672934925,0.7480338167691297,0.634216682337313,12.1,11.2,1,0,0,Friday,10,3,March,Spring,0,1,0,
2024-03-09,73.36866729349252,0.7480338167691297,0.634216682337313,11.4,4.2,1,0,0,Saturday,10,3,March,Spring,1,1,0,
2024-03-10,67.3686672934925,0.7480338167691297,0.634216682337313,13.0,1.8,1,0,0,Sunday,10,3,March,Spring,1,0,0,
2024-03-11,70.36866729349252,0.7480338167691297,0.634216682337313,12.5,0.5,0,0,0,Monday,11,3,March,Spring,0,0,0,
2024-03-12,70.36866729349252,0.7480338167691297,0.634216682337313,12.2,0.0,0,0,0,Tuesday,11,3,March,Spring,0,0,0,
2024-03-13,70.36866729349252,0.7480338167691297,0.634216682337313,12.7,0.0,0,0,0,Wednesday,11,3,March,Spring,0,0,0,
2024-03-14,61.36866729349252,0.7480338167691297,0.634216682337313,13.9,3.4,1,0,0,Thursday,11,3,March,Spring,0,0,0,
2024-03-15,67.3686672934925,0.7480338167691297,0.634216682337313,15.6,2.0,1,0,0,Friday,11,3,March,Spring,0,1,0,
2024-03-16,82.36866729349252,0.7480338167691297,0.634216682337313,15.6,0.0,0,0,0,Saturday,11,3,March,Spring,1,1,0,
2024-03-17,76.36866729349252,0.7480338167691297,0.634216682337313,16.9,0.0,0,0,0,Sunday,11,3,March,Spring,1,0,0,
2024-03-18,70.36866729349252,0.7480338167691297,0.634216682337313,16.0,0.0,0,0,0,Monday,12,3,March,Spring,0,0,0,
2024-03-19,70.36866729349252,0.7480338167691297,0.634216682337313,14.8,0.0,0,0,0,Tuesday,12,3,March,Spring,0,0,0,
2024-03-20,70.36866729349252,0.7480338167691297,0.634216682337313,13.4,0.3,0,0,0,Wednesday,12,3,March,Spring,0,0,0,
2024-03-21,70.36866729349252,0.7480338167691297,0.634216682337313,15.6,0.1,0,0,0,Thursday,12,3,March,Spring,0,0,0,
2024-03-22,76.36866729349252,0.7480338167691297,0.634216682337313,20.1,0.0,0,0,0,Friday,12,3,March,Spring,0,1,0,
2024-03-23,82.36866729349252,0.7480338167691297,0.634216682337313,21.0,0.0,0,0,0,Saturday,12,3,March,Spring,1,1,0,
2024-03-24,76.36866729349252,0.7480338167691297,0.634216682337313,19.7,0.0,0,0,0,Sunday,12,3,March,Spring,1,0,0,
2024-03-25,61.36866729349252,0.7480338167691297,0.634216682337313,13.2,1.1,1,0,0,Monday,13,3,March,Spring,0,0,0,
2024-03-26,61.36866729349252,0.7480338167691297,0.634216682337313,10.8,1.7,1,0,0,Tuesday,13,3,March,Spring,0,0,0,
2024-03-27,61.36866729349252,0.7480338167691297,0.634216682337313,14.0,13.5,1,0,0,Wednesday,13,3,March,Spring,0,0,0,
2024-03-28,61.36866729349252,0.7480338167691297,0.634216682337313,13.4,15.6,1,0,0,Thursday,13,3,March,Spring,0,0,0,
2024-03-29,76.36866729349252,0.7480338167691297,0.634216682337313,11.7,5.4,1,0,0,Friday,13,3,March,Spring,0,1,1,Sexta-feira Santa
2024-03-30,73.36866729349252,0.7480338167691297,0.634216682337313,11.4,7.7,1,0,0,Saturday,13,3,March,Spring,1,1,0,
2024-03-31,76.36866729349252,0.7480338167691297,0.634216682337313,11.8,2.7,1,0,0,Sunday,13,3,March,Spring,1,0,1,Páscoa
2024-04-01,76.25540172545287,0.8101997832443817,0.7813850431363216,13.7,1.0,0,0,0,Monday,14,4,April,Spring,0,0,0,
2024-04-02,67.25540172545287,0.8101997832443817,0.7813850431363216,14.9,4.6,1,0,0,Tuesday,14,4,April,Spring,0,0,0,
2024-04-03,76.25540172545287,0.8101997832443817,0.7813850431363216,15.0,0.4,0,0,0,Wednesday,14,4,April,Spring,0,0,0,
2024-04-04,76.25540172545287,0.8101997832443817,0.7813850431363216,14.3,0.0,0,0,0,Thursday,14,4,April,Spring,0,0,0,
2024-04-05,82.25540172545287,0.8101997832443817,0.7813850431363216,17.6,0.0,0,0,0,Friday,14,4,April,Spring,0,1,0,
2024-04-06,88.25540172545287,0.8101997832443817,0.7813850431363216,16.1,0.2,0,0,0,Saturday,14,4,April,Spring,1,1,0,
2024-04-07,73.25540172545286,0.8101997832443817,0.7813850431363216,15.0,4.6,1,0,0,Sunday,14,4,April,Spring,1,0,0,
2024-04-08,76.25540172545287,0.8101997832443817,0.7813850431363216,14.7,0.8,0,0,0,Monday,15,4,April,Spring,0,0,0,
2024-04-09,76.25540172545287,0.8101997832443817,0.7813850431363216,13.3,0.0,0,0,0,Tuesday,15,4,April,Spring,0,0,0,
2024-04-10,76.25540172545287,0.8101997832443817,0.7813850431363216,16.3,0.0,0,0,0,Wednesday,15,4,April,Spring,0,0,0,
2024-04-11,76.25540172545287,0.8101997832443817,0.7813850431363216,20.3,0.0,0,0,0,Thursday,15,4,April,Spring,0,0,0,
2024-04-12,82.25540172545287,0.8101997832443817,0.7813850431363216,20.1,0.0,0,0,0,Friday,15,4,April,Spring,0,1,0,
2024-04-13,88.25540172545287,0.8101997832443817,0.7813850431363216,20.4,0.0,0,0,0,Saturday,15,4,April,Spring,1,1,0,
2024-04-14,82.25540172545287,0.8101997832443817,0.7813850431363216,20.5,0.0,0,0,0,Sunday,15,4,April,Spring,1,0,0,
2024-04-15,76.25540172545287,0.8101997832443817,0.7813850431363216,18.6,0.0,0,0,0,Monday,16,4,April,Spring,0,0,0,
2024-04-16,76.25540172545287,0.8101997832443817,0.7813850431363216,18.1,0.0,0,0,0,Tuesday,16,4,April,Spring,0,0,0,
2024-04-17,76.25540172545287,0.8101997832443817,0.7813850431363216,19.4,0.0,0,0,0,Wednesday,16,4,April,Spring,0,0,0,
2024-04-18,76.25540172545287,0.8101997832443817,0.7813850431363216,18.0,0.0,0,0,0,Thursday,16,4,April,Spring,0,0,0,
2024-04-19,82.25540172545287,0.8101997832443817,0.7813850431363216,16.8,0.7,0,0,0,Friday,16,4,April,Spring,0,1,0,
2024-04-20,79.25540172545287,0.8101997832443817,0.7813850431363216,17.7,1.8,1,0,0,Saturday,16,4,April,Spring,1,1,0,
2024-04-21,82.25540172545287,0.8101997832443817,0.7813850431363216,18.6,0.0,0,0,0,Sunday,16,4,April,Spring,1,0,0,
2024-04-22,76.25540172545287,0.8101997832443817,0.7813850431363216,19.0,0.0,0,0,0,Monday,17,4,April,Spring,0,0,0,
2024-04-23,76.25540172545287,0.8101997832443817,0.7813850431363216,17.4,0.0,0,0,0,Tuesday,17,4,April,Spring,0,0,0,
2024-04-24,76.25540172545287,0.8101997832443817,0.7813850431363216,16.6,0.0,0,0,0,Wednesday,17,4,April,Spring,0,0,0,
2024-04-25,85.25540172545287,0.8101997832443817,0.7813850431363216,15.3,0.0,0,0,0,Thursday,17,4,April,Spring,0,0,1,Dia da Liberdade
2024-04-26,73.25540172545286,0.8101997832443817,0.7813850431363216,14.5,4.7,1,0,0,Friday,17,4,April,Spring,0,1,0,
2024-04-27,88.25540172545287,0.8101997832443817,0.7813850431363216,13.9,0.5,0,0,0,Saturday,17,4,April,Spring,1,1,0,
2024-04-28,82.25540172545287,0.8101997832443817,0.7813850431363216,12.9,0.6,0,0,0,Sunday,17,4,April,Spring,1,0,0,
2024-04-29,76.25540172545287,0.8101997832443817,0.7813850431363216,14.0,0.0,0,0,0,Monday,18,4,April,Spring,0,0,0,
2024-04-30,67.25540172545287,0.8101997832443817,0.7813850431363216,15.0,1.5,1,0,0,Tuesday,18,4,April,Spring,0,0,0,
2024-05-01,90.70947315208096,0.8677966776482766,0.917736828802024,13.3,0.6,0,0,0,Wednesday,18,5,May,Spring,0,0,1,Dia do Trabalhador
2024-05-02,81.70947315208097,0.8677966776482766,0.917736828802024,13.5,0.1,0,0,0,Thursday,18,5,May,Spring,0,0,0,
2024-05-03,87.70947315208095,0.8677966776482766,0.917736828802024,14.5,0.0,0,0,0,Friday,18,5,May,Spring,0,1,0,
2024-05-04,93.70947315208096,0.8677966776482766,0.917736828802024,16.2,0.9,0,0,0,Saturday,18,5,May,Spring,1,1,0,
2024-05-05,78.70947315208096,0.8677966776482766,0.917736828802024,16.6,4.0,1,0,0,Sunday,18,5,May,Spring,1,0,0,
2024-05-06,81.70947315208097,0.8677966776482766,0.917736828802024,16.3,0.0,0,0,0,Monday,19,5,May,Spring,0,0,0,
2024-05-07,81.70947315208097,0.8677966776482766,0.917736828802024,18.2,0.0,0,0,0,Tuesday,19,5,May,Spring,0,0,0,
2024-05-08,81.70947315208097,0.8677966776482766,0.917736828802024,22.0,0.0,0,0,0,Wednesday,19,5,May,Spring,0,0,0,
2024-05-09,81.70947315208097,0.8677966776482766,0.917736828802024,20.4,0.0,0,0,0,Thursday,19,5,May,Spring,0,0,0,
2024-05-10,87.70947315208095,0.8677966776482766,0.917736828802024,19.7,0.0,0,0,0,Friday,19,5,May,Spring,0,1,0,
2024-05-11,93.70947315208096,0.8677966776482766,0.917736828802024,17.8,0.0,0,0,0,Saturday,19,5,May,Spring,1,1,0,
2024-05-12,87.70947315208095,0.8677966776482766,0.917736828802024,17.4,0.0,0,0,0,Sunday,19,5,May,Spring,1,0,0,
2024-05-13,81.70947315208097,0.8677966776482766,0.917736828802024,17.3,0.4,0,0,0,Monday,20,5,May,Spring,0,0,0,
2024-05-14,81.70947315208097,0.8677966776482766,0.917736828802024,15.8,0.3,0,0,0,Tuesday,20,5,May,Spring,0,0,0,
2024-05-15,81.70947315208097,0.8677966776482766,0.917736828802024,15.6,0.8,0,0,0,Wednesday,20,5,May,Spring,0,0,0,
2024-05-16,72.70947315208096,0.8677966776482766,0.917736828802024,16.0,2.4,1,0,0,Thursday,20,5,May,Spring,0,0,0,
2024-05-17,87.70947315208095,0.8677966776482766,0.917736828802024,16.0,0.3,0,0,0,Friday,20,5,May,Spring,0,1,0,
2024-05-18,93.70947315208096,0.8677966776482766,0.917736828802024,16.0,0.5,0,0,0,Saturday,20,5,May,Spring,1,1,0,
2024-05-19,87.70947315208095,0.8677966776482766,0.917736828802024,16.2,0.4,0,0,0,Sunday,20,5,May,Spring,1,0,0,
2024-05-20,81.70947315208097,0.8677966776482766,0.917736828802024,16.0,0.5,0,0,0,Monday,21,5,May,Spring,0,0,0,
2024-05-21,81.70947315208097,0.8677966776482766,0.917736828802024,16.5,0.0,0,0,0,Tuesday,21,5,May,Spring,0,0,0,
2024-05-22,81.70947315208097,0.8677966776482766,0.917736828802024,16.1,0.5,0,0,0,Wednesday,21,5,May,Spring,0,0,0,
2024-05-23,81.70947315208097,0.8677966776482766,0.917736828802024,17.4,0.0,0,0,0,Thursday,21,5,May,Spring,0,0,0,
2024-05-24,87.70947315208095,0.8677966776482766,0.917736828802024,18.2,0.0,0,0,0,Friday,21,5,May,Spring,0,1,0,
2024-05-25,93.70947315208096,0.8677966776482766,0.917736828802024,18.0,0.0,0,0,0,Saturday,21,5,May,Spring,1,1,0,
2024-05-26,87.70947315208095,0.8677966776482766,0.917736828802024,18.7,0.0,0,0,0,Sunday,21,5,May,Spring,1,0,0,
2024-05-27,81.70947315208097,0.8677966776482766,0.917736828802024,17.5,0.0,0,0,0,Monday,22,5,May,Spring,0,0,0,
2024-05-28,81.70947315208097,0.8677966776482766,0.917736828802024,20.3,0.0,0,0,0,Tuesday,22,5,May,Spring,0,0,0,
2024-05-29,81.70947315208097,0.8677966776482766,0.917736828802024,21.4,0.0,0,0,0,Wednesday,22,5,May,Spring,0,0,0,
2024-05-30,90.70947315208096,0.8677966776482766,0.917736828802024,21.9,0.0,0,0,0,Thursday,22,5,May,Spring,0,0,1,Corpo de Deus
2024-05-31,87.70947315208095,0.8677966776482766,0.917736828802024,24.9,0.0,0,0,0,Friday,22,5,May,Spring,0,1,0,
2024-06-01,91.04891961928567,0.8397003054342701,0.8512229904821416,22.6,0.0,0,0,0,Saturday,22,6,June,Summer,1,1,0,
2024-06-02,85.04891961928567,0.8397003054342701,0.8512229904821416,20.4,0.0,0,0,0,Sunday,22,6,June,Summer,1,0,0,
2024-06-03,79.04891961928567,0.8397003054342701,0.8512229904821416,21.4,0.0,0,0,0,Monday,23,6,June,Summer,0,0,0,
2024-06-04,79.04891961928567,0.8397003054342701,0.8512229904821416,21.5,0.0,0,0,0,Tuesday,23,6,June,Summer,0,0,0,
2024-06-05,79.04891961928567,0.8397003054342701,0.8512229904821416,19.9,0.0,0,0,0,Wednesday,23,6,June,Summer,0,0,0,
2024-06-06,79.04891961928567,0.8397003054342701,0.8512229904821416,21.4,0.0,0,0,0,Thursday,23,6,June,Summer,0,0,0,
2024-06-07,76.04891961928566,0.8397003054342701,0.8512229904821416,21.0,9.4,1,0,0,Friday,23,6,June,Summer,0,1,0,
2024-06-08,82.04891961928567,0.8397003054342701,0.8512229904821416,18.1,3.6,1,0,0,Saturday,23,6,June,Summer,1,1,0,
2024-06-09,85.04891961928567,0.8397003054342701,0.8512229904821416,18.6,0.9,0,0,0,Sunday,23,6,June,Summer,1,0,0,
2024-06-10,88.04891961928567,0.8397003054342701,0.8512229904821416,19.5,0.9,0,0,0,Monday,24,6,June,Summer,0,0,1,"Dia de Portugal, de Camões e das Comunidades Portuguesas"
2024-06-11,79.04891961928567,0.8397003054342701,0.8512229904821416,19.3,0.0,0,0,0,Tuesday,24,6,June,Summer,0,0,0,
2024-06-12,79.04891961928567,0.8397003054342701,0.8512229904821416,18.6,0.0,0,0,0,Wednesday,24,6,June,Summer,0,0,0,
2024-06-13,79.04891961928567,0.8397003054342701,0.8512229904821416,18.8,0.0,0,0,0,Thursday,24,6,June,Summer,0,0,0,
2024-06-14,85.04891961928567,0.8397003054342701,0.8512229904821416,19.7,0.0,0,0,0,Friday,24,6,June,Summer,0,1,0,
2024-06-15,91.04891961928567,0.8397003054342701,0.8512229904821416,18.0,0.0,0,0,0,Saturday,24,6,June,Summer,1,1,0,
2024-06-16,85.04891961928567,0.8397003054342701,0.8512229904821416,19.3,0.0,0,0,0,Sunday,24,6,June,Summer,1,0,0,
2024-06-17,70.04891961928567,0.8397003054342701,0.8512229904821416,18.5,1.9,1,0,0,Monday,25,6,June,Summer,0,0,0,
2024-06-18,70.04891961928567,0.8397003054342701,0.8512229904821416,18.0,12.1,1,0,0,Tuesday,25,6,June,Summer,0,0,0,
2024-06-19,70.04891961928567,0.8397003054342701,0.8512229904821416,17.6,1.3,1,0,0,Wednesday,25,6,June,Summer,0,0,0,
2024-06-20,79.04891961928567,0.8397003054342701,0.8512229904821416,18.0,0.3,0,0,0,Thursday,25,6,June,Summer,0,0,0,
2024-06-21,85.04891961928567,0.8397003054342701,0.8512229904821416,18.4,0.0,0,0,0,Friday,25,6,June,Summer,0,1,0,
2024-06-22,91.04891961928567,0.8397003054342701,0.8512229904821416,20.4,0.0,0,0,0,Saturday,25,6,June,Summer,1,1,0,
2024-06-23,85.04891961928567,0.8397003054342701,0.8512229904821416,22.8,0.0,0,0,0,Sunday,25,6,June,Summer,1,0,0,
2024-06-24,79.04891961928567,0.8397003054342701,0.8512229904821416,22.6,0.0,0,0,0,Monday,26,6,June,Summer,0,0,0,
2024-06-25,79.04891961928567,0.8397003054342701,0.8512229904821416,19.0,0.0,0,0,0,Tuesday,26,6,June,Summer,0,0,0,
2024-06-26,79.04891961928567,0.8397003054342701,0.8512229904821416,18.5,0.7,0,0,0,Wednesday,26,6,June,Summer,0,0,0,
2024-06-27,70.04891961928567,0.8397003054342701,0.8512229904821416,20.1,5.3,1,0,0,Thursday,26,6,June,Summer,0,0,0,
2024-06-28,76.04891961928566,0.8397003054342701,0.8512229904821416,18.8,9.0,1,0,0,Friday,26,6,June,Summer,0,1,0,
2024-06-29,91.04891961928567,0.8397003054342701,0.8512229904821416,18.2,0.0,0,0,0,Saturday,26,6,June,Summer,1,1,0,
2024-06-30,76.04891961928566,0.8397003054342701,0.8512229904821416,18.7,2.0,1,0,0,Sunday,26,6,June,Summer,1,0,0,
2024-07-01,74.38668571140734,0.7904654910958849,0.7346671427851834,20.4,0.0,0,0,0,Monday,27,7,July,Summer,0,0,0,
2024-07-02,74.38668571140734,0.7904654910958849,0.7346671427851834,24.3,0.0,0,0,0,Tuesday,27,7,July,Summer,0,0,0,
2024-07-03,74.38668571140734,0.7904654910958849,0.7346671427851834,22.6,0.0,0,0,0,Wednesday,27,7,July,Summer,0,0,0,
2024-07-04,74.38668571140734,0.7904654910958849,0.7346671427851834,24.2,0.0,0,0,0,Thursday,27,7,July,Summer,0,0,0,
2024-07-05,80.38668571140735,0.7904654910958849,0.7346671427851834,22.8,0.0,0,0,0,Friday,27,7,July,Summer,0,1,0,
2024-07-06,86.38668571140732,0.7904654910958849,0.7346671427851834,19.3,0.0,0,0,0,Saturday,27,7,July,Summer,1,1,0,
2024-07-07,80.38668571140735,0.7904654910958849,0.7346671427851834,18.0,0.0,0,0,0,Sunday,27,7,July,Summer,1,0,0,
2024-07-08,74.38668571140734,0.7904654910958849,0.7346671427851834,18.8,0.2,0,0,0,Monday,28,7,July,Summer,0,0,0,
2024-07-09,65.38668571140734,0.7904654910958849,0.7346671427851834,19.5,2.1,1,0,0,Tuesday,28,7,July,Summer,0,0,0,
2024-07-10,74.38668571140734,0.7904654910958849,0.7346671427851834,22.1,0.1,0,0,0,Wednesday,28,7,July,Summer,0,0,0,
2024-07-11,74.38668571140734,0.7904654910958849,0.7346671427851834,22.9,0.0,0,0,0,Thursday,28,7,July,Summer,0,0,0,
2024-07-12,80.38668571140735,0.7904654910958849,0.7346671427851834,21.3,0.0,0,0,0,Friday,28,7,July,Summer,0,1,0,
2024-07-13,86.38668571140732,0.7904654910958849,0.7346671427851834,19.6,0.0,0,0,0,Saturday,28,7,July,Summer,1,1,0,
2024-07-14,80.38668571140735,0.7904654910958849,0.7346671427851834,19.2,0.0,0,0,0,Sunday,28,7,July,Summer,1,0,0,
2024-07-15,74.38668571140734,0.7904654910958849,0.7346671427851834,21.2,0.5,0,0,0,Monday,29,7,July,Summer,0,0,0,
2024-07-16,74.38668571140734,0.7904654910958849,0.7346671427851834,20.5,0.0,0,0,0,Tuesday,29,7,July,Summer,0,0,0,
2024-07-17,74.38668571140734,0.7904654910958849,0.7346671427851834,21.3,0.0,0,0,0,Wednesday,29,7,July,Summer,0,0,0,
2024-07-18,74.38668571140734,0.7904654910958849,0.7346671427851834,24.1,0.0,0,0,0,Thursday,29,7,July,Summer,0,0,0,
2024-07-19,80.38668571140735,0.7904654910958849,0.7346671427851834,24.0,0.0,0,0,0,Friday,29,7,July,Summer,0,1,0,
2024-07-20,86.38668571140732,0.7904654910958849,0.7346671427851834,22.7,0.3,0,0,0,Saturday,29,7,July,Summer,1,1,0,
2024-07-21,80.38668571140735,0.7904654910958849,0.7346671427851834,21.2,0.0,0,0,0,Sunday,29,7,July,Summer,1,0,0,
2024-07-22,68.38668571140734,0.7904654910958849,0.7346671427851834,26.6,0.0,0,1,0,Monday,30,7,July,Summer,0,0,0,
2024-07-23,68.38668571140734,0.7904654910958849,0.7346671427851834,28.8,0.0,0,1,0,Tuesday,30,7,July,Summer,0,0,0,
2024-07-24,68.38668571140734,0.7904654910958849,0.7346671427851834,26.9,0.0,0,1,0,Wednesday,30,7,July,Summer,0,0,0,
2024-07-25,74.38668571140734,0.7904654910958849,0.7346671427851834,21.6,0.0,0,0,0,Thursday,30,7,July,Summer,0,0,0,
2024-07-26,80.38668571140735,0.7904654910958849,0.7346671427851834,22.9,0.0,0,0,0,Friday,30,7,July,Summer,0,1,0,
2024-07-27,86.38668571140732,0.7904654910958849,0.7346671427851834,22.4,0.0,0,0,0,Saturday,30,7,July,Summer,1,1,0,
2024-07-28,80.38668571140735,0.7904654910958849,0.7346671427851834,24.7,0.0,0,0,0,Sunday,30,7,July,Summer,1,0,0,
2024-07-29,65.38668571140734,0.7904654910958849,0.7346671427851834,24.8,10.1,1,0,0,Monday,31,7,July,Summer,0,0,0,
2024-07-30,74.38668571140734,0.7904654910958849,0.7346671427851834,22.3,0.0,0,0,0,Tuesday,31,7,July,Summer,0,0,0,
2024-07-31,74.38668571140734,0.7904654910958849,0.7346671427851834,22.9,0.0,0,0,0,Wednesday,31,7,July,Summer,0,0,0,
2024-08-01,76.24858550857809,0.8101278016194889,0.7812146377144524,22.3,0.0,0,0,0,Thursday,31,8,August,Summer,0,0,0,
2024-08-02,82.2485855085781,0.8101278016194889,0.7812146377144524,22.1,0.0,0,0,0,Friday,31,8,August,Summer,0,1,0,
2024-08-03,88.2485855085781,0.8101278016194889,0.7812146377144524,22.6,0.0,0,0,0,Saturday,31,8,August,Summer,1,1,0,
2024-08-04,82.2485855085781,0.8101278016194889,0.7812146377144524,24.2,0.0,0,0,0,Sunday,31,8,August,Summer,1,0,0,
2024-08-05,76.24858550857809,0.8101278016194889,0.7812146377144524,23.3,0.0,0,0,0,Monday,32,8,August,Summer,0,0,0,
2024-08-06,76.24858550857809,0.8101278016194889,0.7812146377144524,23.3,0.0,0,0,0,Tuesday,32,8,August,Summer,0,0,0,
2024-08-07,76.24858550857809,0.8101278016194889,0.7812146377144524,22.8,0.0,0,0,0,Wednesday,32,8,August,Summer,0,0,0,
2024-08-08,76.24858550857809,0.8101278016194889,0.7812146377144524,21.7,0.0,0,0,0,Thursday,32,8,August,Summer,0,0,0,
2024-08-09,82.2485855085781,0.8101278016194889,0.7812146377144524,23.9,0.0,0,0,0,Friday,32,8,August,Summer,0,1,0,
2024-08-10,88.2485855085781,0.8101278016194889,0.7812146377144524,24.7,0.0,0,0,0,Saturday,32,8,August,Summer,1,1,0,
2024-08-11,82.2485855085781,0.8101278016194889,0.7812146377144524,22.8,0.0,0,0,0,Sunday,32,8,August,Summer,1,0,0,
2024-08-12,76.24858550857809,0.8101278016194889,0.7812146377144524,22.7,0.0,0,0,0,Monday,33,8,August,Summer,0,0,0,
2024-08-13,76.24858550857809,0.8101278016194889,0.7812146377144524,22.2,0.0,0,0,0,Tuesday,33,8,August,Summer,0,0,0,
2024-08-14,76.24858550857809,0.8101278016194889,0.7812146377144524,22.2,0.0,0,0,0,Wednesday,33,8,August,Summer,0,0,0,
2024-08-15,79.24858550857809,0.8101278016194889,0.7812146377144524,26.0,0.0,0,1,0,Thursday,33,8,August,Summer,0,0,1,Assunção de Nossa Senhora
2024-08-16,76.24858550857809,0.8101278016194889,0.7812146377144524,28.1,0.0,0,1,0,Friday,33,8,August,Summer,0,1,0,
2024-08-17,82.2485855085781,0.8101278016194889,0.7812146377144524,25.5,0.0,0,1,0,Saturday,33,8,August,Summer,1,1,0,
2024-08-18,82.2485855085781,0.8101278016194889,0.7812146377144524,23.5,0.0,0,0,0,Sunday,33,8,August,Summer,1,0,0,
2024-08-19,76.24858550857809,0.8101278016194889,0.7812146377144524,22.5,0.0,0,0,0,Monday,34,8,August,Summer,0,0,0,
2024-08-20,76.24858550857809,0.8101278016194889,0.7812146377144524,22.8,0.0,0,0,0,Tuesday,34,8,August,Summer,0,0,0,
2024-08-21,76.24858550857809,0.8101278016194889,0.7812146377144524,22.0,0.0,0,0,0,Wednesday,34,8,August,Summer,0,0,0,
2024-08-22,76.24858550857809,0.8101278016194889,0.7812146377144524,20.5,0.0,0,0,0,Thursday,34,8,August,Summer,0,0,0,
2024-08-23,82.2485855085781,0.8101278016194889,0.7812146377144524,22.8,0.0,0,0,0,Friday,34,8,August,Summer,0,1,0,
2024-08-24,88.2485855085781,0.8101278016194889,0.7812146377144524,22.8,0.0,0,0,0,Saturday,34,8,August,Summer,1,1,0,
2024-08-25,82.2485855085781,0.8101278016194889,0.7812146377144524,21.1,0.0,0,0,0,Sunday,34,8,August,Summer,1,0,0,
2024-08-26,76.24858550857809,0.8101278016194889,0.7812146377144524,22.3,0.0,0,0,0,Monday,35,8,August,Summer,0,0,0,
2024-08-27,76.24858550857809,0.8101278016194889,0.7812146377144524,21.0,0.0,0,0,0,Tuesday,35,8,August,Summer,0,0,0,
2024-08-28,76.24858550857809,0.8101278016194889,0.7812146377144524,21.2,0.0,0,0,0,Wednesday,35,8,August,Summer,0,0,0,
2024-08-29,76.24858550857809,0.8101278016194889,0.7812146377144524,20.7,0.0,0,0,0,Thursday,35,8,August,Summer,0,0,0,
2024-08-30,82.2485855085781,0.8101278016194889,0.7812146377144524,20.9,0.0,0,0,0,Friday,35,8,August,Summer,0,1,0,
2024-08-31,88.2485855085781,0.8101278016194889,0.7812146377144524,21.2,0.0,0,0,0,Saturday,35,8,August,Summer,1,1,0,
2024-09-01,90.99999999999999,0.9025457875457875,1.0,21.6,0.0,0,0,0,Sunday,35,9,September,Autumn,1,0,0,
2024-09-02,85.00000000000001,0.9025457875457875,1.0,20.5,0.0,0,0,0,Monday,36,9,September,Autumn,0,0,0,
2024-09-03,85.00000000000001,0.9025457875457875,1.0,18.8,0.0,0,0,0,Tuesday,36,9,September,Autumn,0,0,0,
2024-09-04,85.00000000000001,0.9025457875457875,1.0,21.1,0.0,0,0,0,Wednesday,36,9,September,Autumn,0,0,0,
2024-09-05,85.00000000000001,0.9025457875457875,1.0,19.6,0.0,0,0,0,Thursday,36,9,September,Autumn,0,0,0,
2024-09-06,90.99999999999999,0.9025457875457875,1.0,17.8,0.0,0,0,0,Friday,36,9,September,Autumn,0,1,0,
2024-09-07,97.0,0.9025457875457875,1.0,18.3,0.0,0,0,0,Saturday,36,9,September,Autumn,1,1,0,
2024-09-08,90.99999999999999,0.9025457875457875,1.0,19.2,0.0,0,0,0,Sunday,36,9,September,Autumn,1,0,0,
2024-09-09,85.00000000000001,0.9025457875457875,1.0,20.1,0.0,0,0,0,Monday,37,9,September,Autumn,0,0,0,
2024-09-10,85.00000000000001,0.9025457875457875,1.0,19.1,0.0,0,0,0,Tuesday,37,9,September,Autumn,0,0,0,
2024-09-11,85.00000000000001,0.9025457875457875,1.0,19.8,0.0,0,0,0,Wednesday,37,9,September,Autumn,0,0,0,
2024-09-12,85.00000000000001,0.9025457875457875,1.0,20.5,0.0,0,0,0,Thursday,37,9,September,Autumn,0,0,0,
2024-09-13,90.99999999999999,0.9025457875457875,1.0,23.3,0.0,0,0,0,Friday,37,9,September,Autumn,0,1,0,
2024-09-14,97.0,0.9025457875457875,1.0,24.5,0.0,0,0,0,Saturday,37,9,September,Autumn,1,1,0,
2024-09-15,85.0,0.9025457875457875,1.0,25.5,0.0,0,1,0,Sunday,37,9,September,Autumn,1,0,0,
2024-09-16,79.0,0.9025457875457875,1.0,27.0,0.0,0,1,0,Monday,38,9,September,Autumn,0,0,0,
2024-09-17,79.0,0.9025457875457875,1.0,25.4,0.0,0,1,0,Tuesday,38,9,September,Autumn,0,0,0,
2024-09-18,85.00000000000001,0.9025457875457875,1.0,19.5,0.3,0,0,0,Wednesday,38,9,September,Autumn,0,0,0,
2024-09-19,85.00000000000001,0.9025457875457875,1.0,20.5,0.2,0,0,0,Thursday,38,9,September,Autumn,0,0,0,
2024-09-20,82.0,0.9025457875457875,1.0,19.7,1.3,1,0,0,Friday,38,9,September,Autumn,0,1,0,
2024-09-21,97.0,0.9025457875457875,1.0,19.6,0.5,0,0,0,Saturday,38,9,September,Autumn,1,1,0,
2024-09-22,90.99999999999999,0.9025457875457875,1.0,18.6,0.6,0,0,0,Sunday,38,9,September,Autumn,1,0,0,
2024-09-23,85.00000000000001,0.9025457875457875,1.0,18.1,0.0,0,0,0,Monday,39,9,September,Autumn,0,0,0,
2024-09-24,76.0,0.9025457875457875,1.0,18.8,1.3,1,0,0,Tuesday,39,9,September,Autumn,0,0,0,
2024-09-25,76.0,0.9025457875457875,1.0,20.8,2.8,1,0,0,Wednesday,39,9,September,Autumn,0,0,0,
2024-09-26,76.0,0.9025457875457875,1.0,20.7,2.4,1,0,0,Thursday,39,9,September,Autumn,0,0,0,
2024-09-27,90.99999999999999,0.9025457875457875,1.0,18.2,0.2,0,0,0,Friday,39,9,September,Autumn,0,1,0,
2024-09-28,97.0,0.9025457875457875,1.0,17.7,0.0,0,0,0,Saturday,39,9,September,Autumn,1,1,0,
2024-09-29,90.99999999999999,0.9025457875457875,1.0,19.6,0.0,0,0,0,Sunday,39,9,September,Autumn,1,0,0,
2024-09-30,85.00000000000001,0.9025457875457875,1.0,20.6,0.0,0,0,0,Monday,40,9,September,Autumn,0,0,0,
2024-10-01,82.65516301344213,0.8777834920522324,0.9413790753360534,21.3,0.2,0,0,0,Tuesday,40,10,October,Autumn,0,0,0,
2024-10-02,82.65516301344213,0.8777834920522324,0.9413790753360534,21.4,0.7,0,0,0,Wednesday,40,10,October,Autumn,0,0,0,
2024-10-03,82.65516301344213,0.8777834920522324,0.9413790753360534,21.5,0.3,0,0,0,Thursday,40,10,October,Autumn,0,0,0,
2024-10-04,88.65516301344213,0.8777834920522324,0.9413790753360534,20.9,0.2,0,0,0,Friday,40,10,October,Autumn,0,1,0,
2024-10-05,97.65516301344215,0.8777834920522324,0.9413790753360534,20.9,0.8,0,0,0,Saturday,40,10,October,Autumn,1,1,1,Implantação da República
2024-10-06,88.65516301344213,0.8777834920522324,0.9413790753360534,20.6,0.9,0,0,0,Sunday,40,10,October,Autumn,1,0,0,
2024-10-07,73.65516301344213,0.8777834920522324,0.9413790753360534,19.6,22.3,1,0,0,Monday,41,10,October,Autumn,0,0,0,
2024-10-08,73.65516301344213,0.8777834920522324,0.9413790753360534,19.9,1.1,1,0,0,Tuesday,41,10,October,Autumn,0,0,0,
2024-10-09,73.65516301344213,0.8777834920522324,0.9413790753360534,19.8,3.7,1,0,0,Wednesday,41,10,October,Autumn,0,0,0,
2024-10-10,73.65516301344213,0.8777834920522324,0.9413790753360534,17.7,1.3,1,0,0,Thursday,41,10,October,Autumn,0,0,0,
2024-10-11,79.65516301344213,0.8777834920522324,0.9413790753360534,19.8,18.6,1,0,0,Friday,41,10,October,Autumn,0,1,0,
2024-10-12,85.65516301344213,0.8777834920522324,0.9413790753360534,19.7,6.0,1,0,0,Saturday,41,10,October,Autumn,1,1,0,
2024-10-13,79.65516301344213,0.8777834920522324,0.9413790753360534,19.8,1.1,1,0,0,Sunday,41,10,October,Autumn,1,0,0,
2024-10-14,82.65516301344213,0.8777834920522324,0.9413790753360534,18.6,0.0,0,0,0,Monday,42,10,October,Autumn,0,0,0,
2024-10-15,73.65516301344213,0.8777834920522324,0.9413790753360534,19.4,39.8,1,0,0,Tuesday,42,10,October,Autumn,0,0,0,
2024-10-16,73.65516301344213,0.8777834920522324,0.9413790753360534,18.7,6.9,1,0,0,Wednesday,42,10,October,Autumn,0,0,0,
2024-10-17,82.65516301344213,0.8777834920522324,0.9413790753360534,17.5,0.5,0,0,0,Thursday,42,10,October,Autumn,0,0,0,
2024-10-18,88.65516301344213,0.8777834920522324,0.9413790753360534,18.2,0.4,0,0,0,Friday,42,10,October,Autumn,0,1,0,
2024-10-19,94.65516301344215,0.8777834920522324,0.9413790753360534,18.1,0.1,0,0,0,Saturday,42,10,October,Autumn,1,1,0,
2024-10-20,88.65516301344213,0.8777834920522324,0.9413790753360534,17.6,0.0,0,0,0,Sunday,42,10,October,Autumn,1,0,0,
2024-10-21,82.65516301344213,0.8777834920522324,0.9413790753360534,17.8,0.0,0,0,0,Monday,43,10,October,Autumn,0,0,0,
2024-10-22,82.65516301344213,0.8777834920522324,0.9413790753360534,19.3,0.0,0,0,0,Tuesday,43,10,October,Autumn,0,0,0,
2024-10-23,82.65516301344213,0.8777834920522324,0.9413790753360534,19.6,0.0,0,0,0,Wednesday,43,10,October,Autumn,0,0,0,
2024-10-24,82.65516301344213,0.8777834920522324,0.9413790753360534,18.8,0.4,0,0,0,Thursday,43,10,October,Autumn,0,0,0,
2024-10-25,88.65516301344213,0.8777834920522324,0.9413790753360534,15.7,0.1,0,0,0,Friday,43,10,October,Autumn,0,1,0,
2024-10-26,85.65516301344213,0.8777834920522324,0.9413790753360534,15.0,3.1,1,0,0,Saturday,43,10,October,Autumn,1,1,0,
2024-10-27,88.65516301344213,0.8777834920522324,0.9413790753360534,15.1,0.3,0,0,0,Sunday,43,10,October,Autumn,1,0,0,
2024-10-28,82.65516301344213,0.8777834920522324,0.9413790753360534,15.2,0.0,0,0,0,Monday,44,10,October,Autumn,0,0,0,
2024-10-29,82.65516301344213,0.8777834920522324,0.9413790753360534,18.4,0.4,0,0,0,Tuesday,44,10,October,Autumn,0,0,0,
2024-10-30,82.65516301344213,0.8777834920522324,0.9413790753360534,15.5,0.1,0,0,0,Wednesday,44,10,October,Autumn,0,0,0,
2024-10-31,73.65516301344213,0.8777834920522324,0.9413790753360534,16.1,3.0,1,0,0,Thursday,44,10,October,Autumn,0,0,0,
2024-11-01,77.04847165088958,0.7552127876196294,0.6512117912722397,15.9,1.8,1,0,0,Friday,44,11,November,Autumn,0,1,1,Dia de Todos os Santos
2024-11-02,74.04847165088958,0.7552127876196294,0.6512117912722397,17.3,1.1,1,0,0,Saturday,44,11,November,Autumn,1,1,0,
2024-11-03,77.0484716508896,0.7552127876196294,0.6512117912722397,17.4,0.1,0,0,0,Sunday,44,11,November,Autumn,1,0,0,
2024-11-04,62.04847165088958,0.7552127876196294,0.6512117912722397,17.5,16.7,1,0,0,Monday,45,11,November,Autumn,0,0,0,
2024-11-05,62.04847165088958,0.7552127876196294,0.6512117912722397,18.6,7.4,1,0,0,Tuesday,45,11,November,Autumn,0,0,0,
2024-11-06,71.04847165088958,0.7552127876196294,0.6512117912722397,18.4,0.3,0,0,0,Wednesday,45,11,November,Autumn,0,0,0,
2024-11-07,71.04847165088958,0.7552127876196294,0.6512117912722397,17.5,0.0,0,0,0,Thursday,45,11,November,Autumn,0,0,0,
2024-11-08,68.04847165088958,0.7552127876196294,0.6512117912722397,17.9,1.3,1,0,0,Friday,45,11,November,Autumn,0,1,0,
2024-11-09,83.04847165088958,0.7552127876196294,0.6512117912722397,16.6,0.0,0,0,0,Saturday,45,11,November,Autumn,1,1,0,
2024-11-10,77.0484716508896,0.7552127876196294,0.6512117912722397,17.6,0.0,0,0,0,Sunday,45,11,November,Autumn,1,0,0,
2024-11-11,71.04847165088958,0.7552127876196294,0.6512117912722397,18.3,0.0,0,0,0,Monday,46,11,November,Autumn,0,0,0,
2024-11-12,71.04847165088958,0.7552127876196294,0.6512117912722397,15.7,0.0,0,0,0,Tuesday,46,11,November,Autumn,0,0,0,
2024-11-13,71.04847165088958,0.7552127876196294,0.6512117912722397,12.4,0.0,0,0,0,Wednesday,46,11,November,Autumn,0,0,0,
2024-11-14,62.04847165088958,0.7552127876196294,0.6512117912722397,12.1,1.1,1,0,0,Thursday,46,11,November,Autumn,0,0,0,
2024-11-15,68.04847165088958,0.7552127876196294,0.6512117912722397,15.2,6.2,1,0,0,Friday,46,11,November,Autumn,0,1,0,
2024-11-16,83.04847165088958,0.7552127876196294,0.6512117912722397,16.6,0.8,0,0,0,Saturday,46,11,November,Autumn,1,1,0,
2024-11-17,68.04847165088958,0.7552127876196294,0.6512117912722397,16.5,1.6,1,0,0,Sunday,46,11,November,Autumn,1,0,0,
2024-11-18,71.04847165088958,0.7552127876196294,0.6512117912722397,15.3,0.5,0,0,0,Monday,47,11,November,Autumn,0,0,0,
2024-11-19,71.04847165088958,0.7552127876196294,0.6512117912722397,15.0,0.4,0,0,0,Tuesday,47,11,November,Autumn,0,0,0,
2024-11-20,71.04847165088958,0.7552127876196294,0.6512117912722397,14.5,0.0,0,0,0,Wednesday,47,11,November,Autumn,0,0,0,
2024-11-21,71.04847165088958,0.7552127876196294,0.6512117912722397,15.9,0.2,0,0,0,Thursday,47,11,November,Autumn,0,0,0,
2024-11-22,77.0484716508896,0.7552127876196294,0.6512117912722397,16.7,0.0,0,0,0,Friday,47,11,November,Autumn,0,1,0,
2024-11-23,83.04847165088958,0.7552127876196294,0.6512117912722397,17.0,0.0,0,0,0,Saturday,47,11,November,Autumn,1,1,0,
2024-11-24,68.04847165088958,0.7552127876196294,0.6512117912722397,19.1,17.5,1,0,0,Sunday,47,11,November,Autumn,1,0,0,
2024-11-25,62.04847165088958,0.7552127876196294,0.6512117912722397,15.4,5.9,1,0,0,Monday,48,11,November,Autumn,0,0,0,
2024-11-26,71.04847165088958,0.7552127876196294,0.6512117912722397,14.2,0.1,0,0,0,Tuesday,48,11,November,Autumn,0,0,0,
2024-11-27,71.04847165088958,0.7552127876196294,0.6512117912722397,12.3,0.0,0,0,0,Wednesday,48,11,November,Autumn,0,0,0,
2024-11-28,71.04847165088958,0.7552127876196294,0.6512117912722397,15.9,0.0,0,0,0,Thursday,48,11,November,Autumn,0,0,0,
2024-11-29,77.0484716508896,0.7552127876196294,0.6512117912722397,18.3,0.2,0,0,0,Friday,48,11,November,Autumn,0,1,0,
2024-11-30,83.04847165088958,0.7552127876196294,0.6512117912722397,17.3,0.0,0,0,0,Saturday,48,11,November,Autumn,1,1,0,
2024-12-01,56.57626839125975,0.5390191889067216,0.13940670978149394,16.4,1.2,1,0,0,Sunday,48,12,December,Winter,1,0,1,Restauração da Independência
2024-12-02,50.57626839125976,0.5390191889067216,0.13940670978149394,14.8,0.6,0,0,0,Monday,49,12,December,Winter,0,0,0,
2024-12-03,50.57626839125976,0.5390191889067216,0.13940670978149394,14.4,0.0,0,0,0,Tuesday,49,12,December,Winter,0,0,0,
2024-12-04,50.57626839125976,0.5390191889067216,0.13940670978149394,15.8,0.1,0,0,0,Wednesday,49,12,December,Winter,0,0,0,
2024-12-05,50.57626839125976,0.5390191889067216,0.13940670978149394,14.5,0.1,0,0,0,Thursday,49,12,December,Winter,0,0,0,
2024-12-06,56.57626839125975,0.5390191889067216,0.13940670978149394,15.4,0.0,0,0,0,Friday,49,12,December,Winter,0,1,0,
2024-12-07,62.57626839125976,0.5390191889067216,0.13940670978149394,14.9,0.0,0,0,0,Saturday,49,12,December,Winter,1,1,0,
2024-12-08,65.57626839125976,0.5390191889067216,0.13940670978149394,12.0,0.0,0,0,0,Sunday,49,12,December,Winter,1,0,1,Imaculada Conceição
2024-12-09,50.57626839125976,0.5390191889067216,0.13940670978149394,10.9,0.0,0,0,0,Monday,50,12,December,Winter,0,0,0,
2024-12-10,47.57626839125976,0.5390191889067216,0.13940670978149394,9.1,0.0,0,0,1,Tuesday,50,12,December,Winter,0,0,0,
2024-12-11,47.57626839125976,0.5390191889067216,0.13940670978149394,8.7,0.0,0,0,1,Wednesday,50,12,December,Winter,0,0,0,
2024-12-12,47.57626839125976,0.5390191889067216,0.13940670978149394,8.7,0.0,0,0,1,Thursday,50,12,December,Winter,0,0,0,
2024-12-13,44.57626839125975,0.5390191889067216,0.13940670978149394,9.5,1.5,1,0,1,Friday,50,12,December,Winter,0,1,0,
2024-12-14,53.57626839125975,0.5390191889067216,0.13940670978149394,11.3,3.5,1,0,0,Saturday,50,12,December,Winter,1,1,0,
2024-12-15,56.57626839125975,0.5390191889067216,0.13940670978149394,10.8,0.0,0,0,0,Sunday,50,12,December,Winter,1,0,0,
2024-12-16,50.57626839125976,0.5390191889067216,0.13940670978149394,10.9,0.0,0,0,0,Monday,51,12,December,Winter,0,0,0,
2024-12-17,41.57626839125976,0.5390191889067216,0.13940670978149394,13.8,1.5,1,0,0,Tuesday,51,12,December,Winter,0,0,0,
2024-12-18,50.57626839125976,0.5390191889067216,0.13940670978149394,16.6,0.2,0,0,0,Wednesday,51,12,December,Winter,0,0,0,
2024-12-19,50.57626839125976,0.5390191889067216,0.13940670978149394,15.6,0.9,0,0,0,Thursday,51,12,December,Winter,0,0,0,
2024-12-20,56.57626839125975,0.5390191889067216,0.13940670978149394,11.3,0.0,0,0,0,Friday,51,12,December,Winter,0,1,0,
2024-12-21,62.57626839125976,0.5390191889067216,0.13940670978149394,10.3,0.0,0,0,0,Saturday,51,12,December,Winter,1,1,0,
2024-12-22,56.57626839125975,0.5390191889067216,0.13940670978149394,11.9,0.0,0,0,0,Sunday,51,12,December,Winter,1,0,0,
2024-12-23,50.57626839125976,0.5390191889067216,0.13940670978149394,12.9,0.0,0,0,0,Monday,52,12,December,Winter,0,0,0,
2024-12-24,50.57626839125976,0.5390191889067216,0.13940670978149394,11.3,0.0,0,0,0,Tuesday,52,12,December,Winter,0,0,0,
2024-12-25,59.57626839125976,0.5390191889067216,0.13940670978149394,11.7,0.0,0,0,0,Wednesday,52,12,December,Winter,0,0,1,Dia de Natal
2024-12-26,50.57626839125976,0.5390191889067216,0.13940670978149394,12.0,0.0,0,0,0,Thursday,52,12,December,Winter,0,0,0,
2024-12-27,56.57626839125975,0.5390191889067216,0.13940670978149394,11.4,0.0,0,0,0,Friday,52,12,December,Winter,0,1,0,
2024-12-28,62.57626839125976,0.5390191889067216,0.13940670978149394,11.1,0.0,0,0,0,Saturday,52,12,December,Winter,1,1,0,
2024-12-29,56.57626839125975,0.5390191889067216,0.13940670978149394,10.2,0.0,0,0,0,Sunday,52,12,December,Winter,1,0,0,
2024-12-30,47.57626839125976,0.5390191889067216,0.13940670978149394,9.5,0.0,0,0,1,Monday,1,12,December,Winter,0,0,0,
2024-12-31,47.57626839125976,0.5390191889067216,0.13940670978149394,9.9,0.0,0,0,1,Tuesday,1,12,December,Winter,0,0,0,
